Date,County,Murder,Rape,Robbery,Assault,Burglary,Larceny,Vehicle Theft
January 1984,Appling,0,0,0,1,5,17,3
January 1984,Atkinson,0,0,0,2,2,1,0
January 1984,Bacon,0,1,0,0,5,5,0
January 1984,Baker,0,0,0,0,0,0,0
January 1984,Baldwin,0,0,1,7,37,60,4
January 1984,Banks,0,0,0,0,7,6,1
January 1984,Barrow,0,0,0,4,19,33,5
January 1984,Bartow,0,0,3,5,25,60,8
January 1984,Ben Hill,0,1,0,2,17,25,2
January 1984,Berrien,0,0,1,2,8,10,0
January 1984,Bibb,5,5,15,40,174,477,45
January 1984,Bleckley,0,0,0,0,6,3,0
January 1984,Brantley,0,0,0,2,5,8,0
January 1984,Brooks,0,0,2,2,25,11,0
January 1984,Bryan,0,0,1,3,7,20,2
January 1984,Bulloch,1,1,6,8,19,68,2
January 1984,Burke,0,0,2,11,17,23,1
January 1984,Butts,0,0,1,0,8,7,0
January 1984,Calhoun,0,0,0,1,7,3,0
January 1984,Camden,0,0,0,3,19,20,1
January 1984,Candler,0,0,0,0,0,0,0
January 1984,Carroll,0,0,3,11,78,136,14
January 1984,Catoosa,0,0,0,2,6,19,5
January 1984,Charlton,1,0,1,1,8,13,0
January 1984,Chatham,4,7,58,53,401,715,55
January 1984,Chattahoochee,0,0,0,0,0,0,0
January 1984,Chattooga,0,0,1,0,18,11,4
January 1984,Cherokee,0,0,3,6,38,46,11
January 1984,Clarke,0,2,8,25,99,295,7
January 1984,Clay,0,0,0,0,0,0,0
January 1984,Clayton,0,3,21,20,182,401,62
January 1984,Clinch,0,0,0,0,3,2,0
January 1984,Cobb,1,8,18,56,395,723,126
January 1984,Coffee,0,3,0,7,18,43,3
January 1984,Colquitt,1,0,3,4,32,58,2
January 1984,Columbia,0,0,1,6,35,47,7
January 1984,Cook,0,0,1,2,8,11,0
January 1984,Coweta,0,0,1,2,40,56,5
January 1984,Crawford,0,0,0,1,8,1,0
January 1984,Crisp,0,0,3,15,24,57,9
January 1984,Dade,0,0,0,1,6,4,4
January 1984,Dawson,0,0,0,1,5,6,2
January 1984,Decatur,2,2,2,4,20,49,3
January 1984,Dekalb,1,17,69,46,565,1167,187
January 1984,Dodge,0,0,0,0,6,3,1
January 1984,Dooly,0,0,0,0,1,0,0
January 1984,Dougherty,2,12,14,38,180,236,18
January 1984,Douglas,0,4,1,3,40,94,11
January 1984,Early,0,0,0,7,9,10,1
January 1984,Echols,0,0,0,0,0,0,1
January 1984,Effingham,0,0,0,2,12,10,1
January 1984,Elbert,0,0,0,2,6,10,4
January 1984,Emanuel,0,0,0,6,5,9,1
January 1984,Evans,0,0,0,0,0,1,0
January 1984,Fannin,0,0,0,0,8,7,0
January 1984,Fayette,0,0,2,1,32,32,2
January 1984,Floyd,0,0,3,6,94,97,9
January 1984,Forsyth,1,0,2,3,31,37,6
January 1984,Franklin,0,0,1,0,9,6,2
January 1984,Fulton,5,43,359,404,1327,2707,376
January 1984,Gilmer,0,0,0,0,2,6,1
January 1984,Glascock,0,0,0,0,0,0,0
January 1984,Glynn,1,7,13,37,126,208,26
January 1984,Gordon,0,0,1,3,21,38,6
January 1984,Grady,0,0,3,0,7,3,1
January 1984,Greene,0,0,0,0,8,8,1
January 1984,Gwinnett,0,3,7,33,166,317,53
January 1984,Habersham,0,0,0,0,5,1,0
January 1984,Hall,2,1,2,12,91,136,19
January 1984,Hancock,0,0,0,0,1,0,0
January 1984,Haralson,0,0,0,2,8,20,2
January 1984,Harris,0,0,0,1,11,13,1
January 1984,Hart,0,0,0,1,6,10,1
January 1984,Heard,1,0,0,0,1,1,0
January 1984,Henry,0,0,3,4,27,46,8
January 1984,Houston,1,0,2,10,83,116,13
January 1984,Irwin,0,0,1,1,9,10,0
January 1984,Jackson,0,1,0,2,22,11,3
January 1984,Jasper,0,0,0,0,6,2,1
January 1984,Jeff Davis,0,0,0,0,3,12,1
January 1984,Jefferson,0,2,1,2,9,6,0
January 1984,Jenkins,0,0,0,2,3,4,1
January 1984,Johnson,0,0,0,0,0,0,0
January 1984,Jones,0,0,0,0,2,1,0
January 1984,Lamar,0,0,0,1,4,13,2
January 1984,Lanier,0,1,0,3,13,19,2
January 1984,Laurens,0,1,6,6,23,61,5
January 1984,Lee,0,0,0,1,5,14,1
January 1984,Liberty,0,1,0,9,37,48,4
January 1984,Lincoln,0,0,0,0,6,6,0
January 1984,Long,0,0,0,0,0,0,0
January 1984,Lowndes,2,1,0,1,103,193,7
January 1984,Lumpkin,0,0,0,0,7,4,0
January 1984,Macon,1,0,1,0,10,8,1
January 1984,Madison,0,0,0,2,6,6,4
January 1984,Marion,0,0,0,0,0,0,0
January 1984,McDuffie,0,0,0,1,9,9,0
January 1984,McIntosh,0,0,0,1,5,6,1
January 1984,Meriwether,0,2,0,2,19,11,1
January 1984,Miller,0,0,0,0,5,6,0
January 1984,Mitchell,0,0,0,5,21,21,1
January 1984,Monroe,0,1,0,4,18,19,5
January 1984,Montgomery,0,0,0,0,4,0,0
January 1984,Morgan,0,0,1,1,7,8,1
January 1984,Murray,0,0,0,0,9,13,2
January 1984,Muscogee,1,8,15,35,219,460,45
January 1984,Newton,1,0,0,2,37,46,3
January 1984,Oconee,0,0,0,0,0,6,5
January 1984,Oglethorpe,0,0,0,2,3,3,1
January 1984,Paulding,0,0,0,1,13,21,4
January 1984,Peach,1,0,0,8,25,34,2
January 1984,Pickens,0,0,0,0,0,0,0
January 1984,Pierce,0,0,0,1,0,5,1
January 1984,Pike,0,0,0,0,3,3,0
January 1984,Polk,0,0,0,0,17,20,4
January 1984,Pulaski,0,0,0,1,6,12,0
January 1984,Putnam,0,0,0,0,6,6,0
January 1984,Quitman,0,0,0,0,0,0,0
January 1984,Rabun,1,0,0,0,11,3,0
January 1984,Randolph,0,0,0,3,8,4,0
January 1984,Richmond,3,8,33,27,209,390,47
January 1984,Rockdale,1,1,3,5,29,64,7
January 1984,Schley,0,0,0,0,1,0,0
January 1984,Screven,0,0,0,0,2,6,0
January 1984,Seminole,0,0,0,3,4,6,5
January 1984,Spalding,0,4,9,11,74,123,15
January 1984,Stephens,0,2,1,2,13,26,1
January 1984,Stewart,0,0,0,1,2,0,1
January 1984,Sumter,0,0,3,12,42,46,0
January 1984,Talbot,0,0,0,0,7,3,0
January 1984,Taliaferro,0,0,0,0,0,0,0
January 1984,Tattnall,0,0,1,1,9,16,0
January 1984,Taylor,0,0,0,1,1,6,0
January 1984,Telfair,0,0,0,0,3,5,0
January 1984,Terrell,0,0,2,4,10,15,1
January 1984,Thomas,0,1,4,7,24,51,4
January 1984,Tift,0,0,1,5,46,68,9
January 1984,Toombs,0,2,0,3,13,31,3
January 1984,Towns,0,0,0,0,0,0,0
January 1984,Treutlen,0,0,0,0,0,0,0
January 1984,Troup,1,0,4,26,22,126,3
January 1984,Turner,0,0,0,1,6,12,1
January 1984,Twiggs,0,0,0,0,0,0,0
January 1984,Union,0,0,0,0,1,3,0
January 1984,Upson,1,0,1,3,17,13,4
January 1984,Walker,0,0,1,2,40,41,15
January 1984,Walton,0,1,1,4,19,42,1
January 1984,Ware,0,0,2,9,49,70,4
January 1984,Warren,0,0,0,0,0,0,0
January 1984,Washington,0,1,1,8,34,24,0
January 1984,Wayne,0,1,0,4,17,23,0
January 1984,Webster,0,0,0,0,0,0,0
January 1984,Wheeler,0,0,0,0,0,0,0
January 1984,White,0,0,0,0,1,7,0
January 1984,Whitfield,0,0,0,4,47,128,10
January 1984,Wilcox,0,0,0,2,3,4,0
January 1984,Wilkes,0,2,0,2,13,13,0
January 1984,Wilkinson,0,0,0,0,3,3,0
January 1984,Worth,0,1,0,2,14,21,0
February 1984,Appling,0,0,0,1,7,14,0
February 1984,Atkinson,0,0,0,0,1,1,1
February 1984,Bacon,1,0,0,1,2,10,1
February 1984,Baker,0,0,0,0,0,1,0
February 1984,Baldwin,0,1,4,11,49,66,11
February 1984,Banks,0,0,2,0,6,4,2
February 1984,Barrow,0,0,0,5,28,39,3
February 1984,Bartow,2,0,1,8,33,50,10
February 1984,Ben Hill,0,1,0,4,11,24,0
February 1984,Berrien,0,0,0,4,5,7,0
February 1984,Bibb,1,4,20,31,124,365,37
February 1984,Bleckley,0,0,0,0,1,2,1
February 1984,Brantley,0,0,0,3,3,6,0
February 1984,Brooks,0,1,0,0,5,9,1
February 1984,Bryan,0,0,0,4,13,8,5
February 1984,Bulloch,0,1,1,9,25,74,6
February 1984,Burke,1,0,0,10,17,30,1
February 1984,Butts,0,0,0,1,12,5,1
February 1984,Calhoun,0,1,0,1,3,2,0
February 1984,Camden,0,0,3,2,14,26,4
February 1984,Candler,0,0,0,0,0,1,0
February 1984,Carroll,2,3,3,3,80,130,17
February 1984,Catoosa,0,0,2,0,22,25,3
February 1984,Charlton,0,0,2,3,5,8,0
February 1984,Chatham,5,12,54,62,398,757,61
February 1984,Chattahoochee,0,0,0,0,0,1,1
February 1984,Chattooga,0,0,0,0,14,10,6
February 1984,Cherokee,0,3,1,14,47,56,6
February 1984,Clarke,0,5,12,23,128,309,14
February 1984,Clay,0,0,0,0,0,0,0
February 1984,Clayton,1,3,17,16,171,450,57
February 1984,Clinch,0,0,0,0,0,2,0
February 1984,Cobb,1,8,32,27,318,614,75
February 1984,Coffee,0,0,2,9,19,53,7
February 1984,Colquitt,0,0,3,1,26,55,3
February 1984,Columbia,0,1,2,6,44,43,9
February 1984,Cook,0,1,0,4,6,18,0
February 1984,Coweta,0,0,0,1,36,33,3
February 1984,Crawford,0,0,0,0,6,8,2
February 1984,Crisp,0,1,1,11,16,53,5
February 1984,Dade,0,0,0,0,1,1,1
February 1984,Dawson,0,0,0,0,6,0,0
February 1984,Decatur,0,1,1,7,24,27,1
February 1984,Dekalb,0,9,75,67,550,1262,184
February 1984,Dodge,0,0,0,0,0,9,0
February 1984,Dooly,0,0,0,0,0,0,0
February 1984,Dougherty,1,4,13,32,192,216,11
February 1984,Douglas,0,1,5,14,40,88,13
February 1984,Early,0,1,0,7,4,10,0
February 1984,Echols,0,0,0,0,1,0,0
February 1984,Effingham,0,0,0,0,18,10,1
February 1984,Elbert,1,1,0,0,2,6,0
February 1984,Emanuel,0,0,0,1,10,5,0
February 1984,Evans,1,0,0,0,0,1,0
February 1984,Fannin,0,0,0,0,20,4,0
February 1984,Fayette,0,1,1,1,35,30,2
February 1984,Floyd,0,1,4,6,92,98,10
February 1984,Forsyth,0,0,0,2,21,35,5
February 1984,Franklin,0,0,0,1,5,4,0
February 1984,Fulton,15,52,272,414,1139,2503,329
February 1984,Gilmer,0,0,0,0,4,5,1
February 1984,Glascock,0,0,0,0,0,0,0
February 1984,Glynn,0,1,7,34,83,191,13
February 1984,Gordon,0,1,0,3,23,56,9
February 1984,Grady,0,0,1,0,6,8,1
February 1984,Greene,0,2,0,4,11,9,2
February 1984,Gwinnett,2,4,6,43,172,466,83
February 1984,Habersham,0,0,0,0,0,0,0
February 1984,Hall,0,4,5,12,76,106,13
February 1984,Hancock,0,0,0,1,0,0,0
February 1984,Haralson,0,0,0,1,17,28,3
February 1984,Harris,0,0,0,3,16,17,1
February 1984,Hart,0,0,0,0,2,7,1
February 1984,Heard,0,0,0,1,8,2,0
February 1984,Henry,1,0,2,2,24,41,6
February 1984,Houston,1,1,4,13,53,116,11
February 1984,Irwin,0,0,0,1,3,8,0
February 1984,Jackson,0,1,0,0,18,18,2
February 1984,Jasper,0,0,0,0,2,1,1
February 1984,Jeff Davis,0,0,1,1,2,6,2
February 1984,Jefferson,1,0,0,3,10,6,2
February 1984,Jenkins,0,0,0,2,8,9,1
February 1984,Johnson,0,0,0,0,0,0,0
February 1984,Jones,0,0,0,0,0,2,0
February 1984,Lamar,0,0,1,0,3,9,0
February 1984,Lanier,0,0,0,3,7,17,0
February 1984,Laurens,1,0,0,13,24,56,2
February 1984,Lee,0,0,0,0,5,6,0
February 1984,Liberty,0,2,0,12,57,48,6
February 1984,Lincoln,0,0,0,0,4,3,1
February 1984,Long,0,0,0,0,0,0,0
February 1984,Lowndes,0,5,0,0,67,181,7
February 1984,Lumpkin,1,0,0,2,10,6,0
February 1984,Macon,0,0,0,2,10,6,0
February 1984,Madison,0,0,0,2,1,3,1
February 1984,Marion,0,0,0,0,0,0,0
February 1984,McDuffie,0,0,0,1,10,3,0
February 1984,McIntosh,0,0,0,0,4,6,0
February 1984,Meriwether,0,0,0,2,11,21,2
February 1984,Miller,0,0,1,0,5,3,0
February 1984,Mitchell,0,1,1,6,21,32,2
February 1984,Monroe,0,0,0,3,10,21,2
February 1984,Montgomery,0,0,0,0,1,0,0
February 1984,Morgan,0,0,0,0,7,6,1
February 1984,Murray,1,0,0,1,17,14,1
February 1984,Muscogee,1,6,23,34,161,408,29
February 1984,Newton,1,1,5,6,25,47,6
February 1984,Oconee,0,0,0,0,5,5,0
February 1984,Oglethorpe,0,0,0,2,9,3,0
February 1984,Paulding,0,1,1,0,11,17,2
February 1984,Peach,0,0,0,1,10,12,4
February 1984,Pickens,0,0,0,0,0,0,0
February 1984,Pierce,0,0,0,1,1,11,2
February 1984,Pike,0,0,0,0,1,0,0
February 1984,Polk,1,1,1,5,16,20,2
February 1984,Pulaski,0,0,0,3,9,8,0
February 1984,Putnam,0,0,0,2,8,9,0
February 1984,Quitman,0,0,0,0,0,0,0
February 1984,Rabun,0,0,0,1,9,2,0
February 1984,Randolph,0,0,1,0,7,13,2
February 1984,Richmond,1,12,26,20,270,388,48
February 1984,Rockdale,0,2,1,13,46,79,7
February 1984,Schley,0,0,0,0,0,0,0
February 1984,Screven,0,0,0,0,6,17,5
February 1984,Seminole,0,0,1,2,7,12,0
February 1984,Spalding,0,2,2,12,63,114,11
February 1984,Stephens,1,0,0,5,10,25,2
February 1984,Stewart,0,1,0,0,0,0,0
February 1984,Sumter,0,0,1,2,30,58,0
February 1984,Talbot,0,0,0,0,3,0,0
February 1984,Taliaferro,0,0,0,0,0,0,0
February 1984,Tattnall,0,0,1,1,5,5,4
February 1984,Taylor,0,0,0,2,5,4,0
February 1984,Telfair,0,0,0,0,6,2,0
February 1984,Terrell,0,0,0,1,10,11,2
February 1984,Thomas,0,1,1,1,21,68,3
February 1984,Tift,1,0,0,11,29,61,5
February 1984,Toombs,2,0,2,3,7,12,2
February 1984,Towns,0,0,0,0,0,0,0
February 1984,Treutlen,0,0,0,0,0,0,0
February 1984,Troup,0,1,3,16,29,141,8
February 1984,Turner,0,0,2,4,3,8,1
February 1984,Twiggs,0,0,0,0,0,0,0
February 1984,Union,0,0,0,0,1,1,0
February 1984,Upson,0,0,1,4,13,12,1
February 1984,Walker,0,0,1,0,72,47,1
February 1984,Walton,0,1,0,6,28,49,3
February 1984,Ware,1,0,0,7,48,88,4
February 1984,Warren,0,0,0,0,0,2,1
February 1984,Washington,0,0,0,2,14,18,0
February 1984,Wayne,0,0,0,7,18,19,2
February 1984,Webster,0,0,0,0,1,0,0
February 1984,Wheeler,0,0,0,0,0,0,0
February 1984,White,0,0,0,1,4,6,1
February 1984,Whitfield,0,3,2,8,61,123,22
February 1984,Wilcox,0,0,0,1,1,2,0
February 1984,Wilkes,0,0,0,3,5,9,2
February 1984,Wilkinson,0,0,0,1,4,6,1
February 1984,Worth,0,1,0,1,17,14,1
March 1984,Appling,0,1,0,0,7,17,0
March 1984,Atkinson,0,0,0,2,0,2,0
March 1984,Bacon,0,1,0,1,1,7,0
March 1984,Baker,0,0,0,0,0,0,0
March 1984,Baldwin,1,1,9,23,36,71,7
March 1984,Banks,0,0,0,0,2,6,2
March 1984,Barrow,0,0,0,7,8,39,3
March 1984,Bartow,0,1,3,0,19,56,5
March 1984,Ben Hill,0,2,3,2,21,31,2
March 1984,Berrien,0,0,0,1,3,8,0
March 1984,Bibb,1,6,12,32,187,416,42
March 1984,Bleckley,0,0,0,1,1,6,1
March 1984,Brantley,0,0,1,0,4,4,0
March 1984,Brooks,0,1,1,5,9,7,2
March 1984,Bryan,0,0,0,3,9,17,0
March 1984,Bulloch,1,1,3,5,23,70,5
March 1984,Burke,0,1,2,9,19,26,1
March 1984,Butts,0,0,0,0,14,9,0
March 1984,Calhoun,0,1,1,3,0,1,0
March 1984,Camden,0,0,0,5,10,30,7
March 1984,Candler,0,0,0,0,0,0,0
March 1984,Carroll,1,0,2,6,51,122,11
March 1984,Catoosa,0,0,0,0,0,3,1
March 1984,Charlton,0,1,0,1,6,11,1
March 1984,Chatham,6,10,66,57,328,890,66
March 1984,Chattahoochee,0,0,0,0,0,3,0
March 1984,Chattooga,0,0,0,6,14,11,3
March 1984,Cherokee,0,1,0,19,37,74,7
March 1984,Clarke,0,3,6,29,124,316,15
March 1984,Clay,0,0,0,0,0,0,0
March 1984,Clayton,0,3,12,16,146,424,54
March 1984,Clinch,0,0,0,0,1,4,0
March 1984,Cobb,2,7,34,63,311,804,92
March 1984,Coffee,0,1,1,7,28,57,5
March 1984,Colquitt,1,0,1,5,40,45,4
March 1984,Columbia,0,1,2,2,31,43,8
March 1984,Cook,0,0,2,0,5,11,0
March 1984,Coweta,0,0,0,7,27,32,4
March 1984,Crawford,0,0,0,0,2,2,1
March 1984,Crisp,0,1,0,15,31,51,4
March 1984,Dade,0,0,0,0,1,1,2
March 1984,Dawson,0,0,0,0,3,3,0
March 1984,Decatur,0,0,0,9,9,33,0
March 1984,Dekalb,4,13,51,39,578,1380,197
March 1984,Dodge,0,0,0,0,4,6,0
March 1984,Dooly,0,0,0,0,0,0,0
March 1984,Dougherty,3,4,17,58,132,263,17
March 1984,Douglas,0,0,2,6,34,107,18
March 1984,Early,0,1,1,3,10,7,1
March 1984,Echols,0,0,0,0,0,1,1
March 1984,Effingham,0,0,0,0,19,12,2
March 1984,Elbert,0,0,2,5,3,9,1
March 1984,Emanuel,0,0,0,3,20,8,2
March 1984,Evans,0,0,0,0,0,0,0
March 1984,Fannin,0,0,0,1,8,6,4
March 1984,Fayette,0,0,0,4,26,40,0
March 1984,Floyd,2,1,4,14,86,123,15
March 1984,Forsyth,0,0,0,0,21,41,7
March 1984,Franklin,0,0,0,2,5,5,2
March 1984,Fulton,12,56,324,482,1101,2575,361
March 1984,Gilmer,0,0,0,0,7,9,0
March 1984,Glascock,0,0,0,0,0,0,0
March 1984,Glynn,2,3,4,38,108,196,23
March 1984,Gordon,0,1,0,3,31,49,8
March 1984,Grady,0,0,0,0,4,5,1
March 1984,Greene,0,0,1,6,7,9,1
March 1984,Gwinnett,2,4,4,23,210,416,50
March 1984,Habersham,0,1,0,0,6,7,0
March 1984,Hall,2,1,4,16,72,125,11
March 1984,Hancock,0,0,0,2,0,0,0
March 1984,Haralson,0,0,1,1,13,22,4
March 1984,Harris,0,0,0,3,8,11,1
March 1984,Hart,0,0,0,0,5,9,1
March 1984,Heard,0,0,0,0,2,5,0
March 1984,Henry,0,2,2,4,23,54,9
March 1984,Houston,1,3,14,13,77,148,11
March 1984,Irwin,0,0,0,0,7,13,2
March 1984,Jackson,1,1,2,4,12,24,4
March 1984,Jasper,0,0,0,0,6,0,0
March 1984,Jeff Davis,0,0,0,0,6,5,0
March 1984,Jefferson,0,1,1,5,8,7,1
March 1984,Jenkins,0,0,0,1,2,4,3
March 1984,Johnson,0,0,0,0,0,0,0
March 1984,Jones,0,0,0,0,0,1,0
March 1984,Lamar,0,0,0,1,6,5,4
March 1984,Lanier,0,0,0,0,3,6,0
March 1984,Laurens,1,2,3,12,23,49,5
March 1984,Lee,0,0,0,0,5,8,0
March 1984,Liberty,0,0,2,6,32,72,10
March 1984,Lincoln,0,0,0,1,3,1,1
March 1984,Long,0,0,0,0,0,0,0
March 1984,Lowndes,0,5,1,1,79,206,12
March 1984,Lumpkin,0,1,0,0,6,8,0
March 1984,Macon,0,0,0,1,4,9,0
March 1984,Madison,0,0,0,0,3,8,1
March 1984,Marion,0,0,0,0,0,0,0
March 1984,McDuffie,0,0,0,2,4,7,0
March 1984,McIntosh,0,0,0,0,9,10,1
March 1984,Meriwether,0,0,0,7,19,15,2
March 1984,Miller,0,0,0,2,1,4,1
March 1984,Mitchell,0,1,2,6,11,35,3
March 1984,Monroe,0,0,0,4,6,13,2
March 1984,Montgomery,0,0,0,0,3,1,0
March 1984,Morgan,0,0,0,1,5,3,0
March 1984,Murray,0,2,0,1,8,14,3
March 1984,Muscogee,3,8,21,30,171,443,46
March 1984,Newton,0,0,0,6,32,63,4
March 1984,Oconee,0,0,0,0,4,1,0
March 1984,Oglethorpe,1,0,0,0,9,10,0
March 1984,Paulding,0,0,2,2,19,23,4
March 1984,Peach,0,0,1,4,20,43,4
March 1984,Pickens,0,0,0,0,1,3,0
March 1984,Pierce,0,0,0,1,2,3,0
March 1984,Pike,0,0,0,1,5,1,0
March 1984,Polk,0,0,1,5,20,21,4
March 1984,Pulaski,0,0,0,5,6,16,2
March 1984,Putnam,0,0,1,0,11,8,0
March 1984,Quitman,0,0,0,0,0,0,0
March 1984,Rabun,0,0,0,0,6,3,0
March 1984,Randolph,0,0,0,2,3,12,0
March 1984,Richmond,1,6,24,34,216,390,42
March 1984,Rockdale,0,0,4,2,28,86,7
March 1984,Schley,0,0,0,0,0,0,0
March 1984,Screven,0,0,0,1,5,8,1
March 1984,Seminole,0,0,0,1,5,14,0
March 1984,Spalding,1,2,4,10,45,116,14
March 1984,Stephens,0,0,2,8,13,26,0
March 1984,Stewart,0,0,0,0,0,0,0
March 1984,Sumter,0,0,1,6,19,47,2
March 1984,Talbot,0,0,0,0,2,4,0
March 1984,Taliaferro,0,0,0,0,0,0,0
March 1984,Tattnall,0,0,0,6,1,9,1
March 1984,Taylor,0,0,0,1,3,2,0
March 1984,Telfair,0,0,0,0,2,2,1
March 1984,Terrell,0,0,0,0,5,8,1
March 1984,Thomas,0,2,4,4,27,53,6
March 1984,Tift,0,0,2,11,33,92,5
March 1984,Toombs,0,0,0,3,9,14,5
March 1984,Towns,0,0,0,0,0,0,0
March 1984,Treutlen,0,0,0,0,0,0,0
March 1984,Troup,0,0,2,20,29,142,8
March 1984,Turner,0,0,1,3,1,15,1
March 1984,Twiggs,0,0,0,0,0,0,0
March 1984,Union,0,0,0,0,1,1,0
March 1984,Upson,0,0,1,8,11,15,1
March 1984,Walker,2,0,0,1,39,65,4
March 1984,Walton,0,1,0,2,36,28,2
March 1984,Ware,0,0,1,8,42,73,7
March 1984,Warren,0,0,0,1,1,0,0
March 1984,Washington,0,1,0,7,8,24,1
March 1984,Wayne,0,0,0,0,6,11,0
March 1984,Webster,0,1,0,0,0,0,0
March 1984,Wheeler,0,0,0,0,0,0,0
March 1984,White,0,0,0,0,5,7,1
March 1984,Whitfield,0,0,6,9,53,124,17
March 1984,Wilcox,0,0,0,0,2,1,0
March 1984,Wilkes,0,0,0,0,5,10,1
March 1984,Wilkinson,0,0,0,1,3,10,0
March 1984,Worth,0,0,0,1,11,20,0
April 1984,Appling,0,1,0,2,2,20,1
April 1984,Atkinson,0,0,1,0,1,5,0
April 1984,Bacon,0,0,1,0,5,14,1
April 1984,Baker,0,0,0,0,0,0,0
April 1984,Baldwin,0,2,2,12,58,75,4
April 1984,Banks,0,0,0,1,3,4,0
April 1984,Barrow,0,0,0,4,12,30,1
April 1984,Bartow,0,0,5,1,25,47,9
April 1984,Ben Hill,0,2,0,8,10,21,2
April 1984,Berrien,0,0,0,2,4,10,1
April 1984,Bibb,1,7,10,45,133,460,33
April 1984,Bleckley,0,0,0,0,1,3,3
April 1984,Brantley,0,0,0,2,3,5,0
April 1984,Brooks,0,0,1,1,4,2,3
April 1984,Bryan,0,1,2,5,3,18,3
April 1984,Bulloch,1,0,2,8,28,72,3
April 1984,Burke,1,3,3,11,13,14,2
April 1984,Butts,0,1,1,2,10,12,2
April 1984,Calhoun,0,0,0,0,0,0,0
April 1984,Camden,0,0,0,1,10,27,4
April 1984,Candler,0,0,0,0,0,1,0
April 1984,Carroll,2,1,3,13,58,145,13
April 1984,Catoosa,0,0,0,0,1,4,0
April 1984,Charlton,0,0,0,0,5,7,0
April 1984,Chatham,1,10,43,65,339,1039,45
April 1984,Chattahoochee,0,0,0,0,0,1,0
April 1984,Chattooga,0,0,0,2,15,26,4
April 1984,Cherokee,0,2,1,8,30,58,8
April 1984,Clarke,1,6,2,18,87,324,24
April 1984,Clay,0,0,0,0,0,2,0
April 1984,Clayton,0,4,17,24,164,486,41
April 1984,Clinch,0,0,0,2,0,0,1
April 1984,Cobb,2,9,29,66,284,774,95
April 1984,Coffee,0,0,4,8,23,54,7
April 1984,Colquitt,0,0,0,0,23,45,4
April 1984,Columbia,0,0,1,4,31,57,1
April 1984,Cook,0,0,0,5,2,8,1
April 1984,Coweta,1,1,1,2,20,39,5
April 1984,Crawford,0,0,0,1,3,7,0
April 1984,Crisp,0,1,3,10,26,70,2
April 1984,Dade,1,0,1,1,4,1,3
April 1984,Dawson,0,0,0,1,4,5,1
April 1984,Decatur,0,1,1,6,19,31,1
April 1984,Dekalb,0,11,55,41,502,1601,166
April 1984,Dodge,0,0,0,0,3,8,0
April 1984,Dooly,0,0,0,0,0,0,0
April 1984,Dougherty,5,8,12,44,128,215,11
April 1984,Douglas,0,1,2,6,51,106,10
April 1984,Early,1,0,1,5,6,15,1
April 1984,Echols,0,0,0,0,0,0,0
April 1984,Effingham,0,0,0,0,6,9,1
April 1984,Elbert,0,1,0,1,2,9,0
April 1984,Emanuel,0,0,0,11,7,10,1
April 1984,Evans,0,0,0,0,0,1,0
April 1984,Fannin,0,0,0,0,1,8,2
April 1984,Fayette,0,0,0,1,27,26,2
April 1984,Floyd,2,2,2,8,54,123,16
April 1984,Forsyth,1,0,0,3,14,47,3
April 1984,Franklin,0,0,0,0,3,4,2
April 1984,Fulton,13,55,291,492,1106,2906,357
April 1984,Gilmer,0,0,0,0,6,3,2
April 1984,Glascock,0,0,0,0,0,0,0
April 1984,Glynn,0,7,11,41,99,251,18
April 1984,Gordon,0,1,2,2,17,46,3
April 1984,Grady,0,0,1,3,7,4,2
April 1984,Greene,0,0,0,5,3,10,1
April 1984,Gwinnett,0,0,9,24,205,416,53
April 1984,Habersham,0,0,0,0,1,3,0
April 1984,Hall,0,0,9,15,61,154,19
April 1984,Hancock,0,0,0,2,0,1,0
April 1984,Haralson,0,0,0,5,13,28,5
April 1984,Harris,0,1,0,5,3,13,1
April 1984,Hart,0,0,0,0,4,15,0
April 1984,Heard,0,0,0,0,5,1,0
April 1984,Henry,0,0,2,4,40,75,8
April 1984,Houston,0,0,1,11,81,133,5
April 1984,Irwin,0,0,0,1,5,4,0
April 1984,Jackson,0,0,0,0,15,38,2
April 1984,Jasper,0,1,0,0,4,1,0
April 1984,Jeff Davis,0,0,0,1,6,6,0
April 1984,Jefferson,0,0,0,5,6,4,0
April 1984,Jenkins,0,1,1,1,0,3,0
April 1984,Johnson,0,0,0,0,0,0,0
April 1984,Jones,0,0,0,0,0,1,0
April 1984,Lamar,0,1,0,3,4,6,0
April 1984,Lanier,0,0,0,1,6,6,0
April 1984,Laurens,0,1,1,4,22,60,3
April 1984,Lee,0,0,0,0,5,7,1
April 1984,Liberty,0,0,0,9,30,74,2
April 1984,Lincoln,0,0,0,0,2,2,0
April 1984,Long,0,0,0,0,0,0,0
April 1984,Lowndes,2,3,1,0,87,175,7
April 1984,Lumpkin,0,0,0,0,1,9,1
April 1984,Macon,0,0,0,1,2,5,1
April 1984,Madison,0,0,0,2,7,6,3
April 1984,Marion,0,0,0,0,0,0,0
April 1984,McDuffie,0,0,0,1,6,8,0
April 1984,McIntosh,0,0,0,0,8,14,0
April 1984,Meriwether,0,0,0,3,8,9,4
April 1984,Miller,0,0,0,0,2,4,1
April 1984,Mitchell,0,1,0,4,12,39,2
April 1984,Monroe,0,3,0,7,10,22,1
April 1984,Montgomery,0,0,0,0,0,0,0
April 1984,Morgan,0,0,1,0,6,7,2
April 1984,Murray,0,0,0,3,18,17,9
April 1984,Muscogee,1,1,21,27,148,471,33
April 1984,Newton,0,0,1,8,25,69,6
April 1984,Oconee,0,0,0,0,3,0,0
April 1984,Oglethorpe,0,1,0,2,11,9,0
April 1984,Paulding,0,0,1,2,16,29,4
April 1984,Peach,0,0,0,7,18,35,3
April 1984,Pickens,0,0,0,0,0,0,0
April 1984,Pierce,0,0,0,0,0,3,0
April 1984,Pike,0,0,0,0,2,8,0
April 1984,Polk,0,0,0,1,7,21,3
April 1984,Pulaski,0,0,0,3,4,5,1
April 1984,Putnam,0,0,0,0,7,5,2
April 1984,Quitman,0,0,0,0,0,0,0
April 1984,Rabun,0,0,0,0,6,3,1
April 1984,Randolph,0,0,0,0,5,6,1
April 1984,Richmond,1,10,25,43,189,368,39
April 1984,Rockdale,0,0,0,7,21,74,8
April 1984,Schley,0,0,0,0,2,0,0
April 1984,Screven,0,0,1,0,1,4,0
April 1984,Seminole,0,0,0,2,3,7,3
April 1984,Spalding,3,0,2,19,36,139,14
April 1984,Stephens,1,0,2,0,13,32,2
April 1984,Stewart,0,0,0,1,3,1,0
April 1984,Sumter,0,0,2,9,24,51,0
April 1984,Talbot,0,0,0,0,0,2,0
April 1984,Taliaferro,0,0,0,0,0,0,0
April 1984,Tattnall,0,0,0,2,8,6,3
April 1984,Taylor,0,0,0,1,1,1,0
April 1984,Telfair,0,0,0,1,3,4,0
April 1984,Terrell,0,0,0,3,9,4,1
April 1984,Thomas,0,2,4,7,15,83,4
April 1984,Tift,0,3,2,8,23,66,3
April 1984,Toombs,0,0,0,3,3,16,2
April 1984,Towns,0,0,0,0,0,0,0
April 1984,Treutlen,0,0,0,0,0,0,0
April 1984,Troup,0,1,1,29,30,151,16
April 1984,Turner,0,0,0,1,6,13,0
April 1984,Twiggs,0,0,0,0,0,0,0
April 1984,Union,0,0,0,0,0,0,1
April 1984,Upson,0,0,0,2,5,9,2
April 1984,Walker,0,0,1,1,35,32,9
April 1984,Walton,0,0,0,6,17,42,0
April 1984,Ware,0,1,3,10,31,89,6
April 1984,Warren,0,0,0,0,0,0,0
April 1984,Washington,0,0,0,8,10,23,3
April 1984,Wayne,0,0,0,2,3,13,0
April 1984,Webster,0,0,0,0,0,0,0
April 1984,Wheeler,0,0,0,0,0,0,0
April 1984,White,0,0,1,0,4,4,4
April 1984,Whitfield,1,0,5,6,54,110,27
April 1984,Wilcox,0,0,0,1,3,0,0
April 1984,Wilkes,0,0,0,4,12,12,1
April 1984,Wilkinson,0,0,0,0,1,2,0
April 1984,Worth,0,0,1,0,7,14,0
May 1984,Appling,0,0,0,0,6,15,0
May 1984,Atkinson,0,0,0,0,0,0,1
May 1984,Bacon,0,0,0,1,4,13,0
May 1984,Baker,0,0,0,0,1,0,2
May 1984,Baldwin,0,0,0,20,44,81,4
May 1984,Banks,0,1,0,0,5,6,1
May 1984,Barrow,0,0,0,7,12,46,3
May 1984,Bartow,0,0,2,4,22,50,10
May 1984,Ben Hill,0,0,0,7,16,30,2
May 1984,Berrien,0,0,0,0,4,6,1
May 1984,Bibb,0,8,7,48,189,472,40
May 1984,Bleckley,0,0,0,0,2,6,0
May 1984,Brantley,0,0,0,0,2,7,0
May 1984,Brooks,0,0,0,0,8,11,0
May 1984,Bryan,0,0,0,4,6,16,0
May 1984,Bulloch,0,2,3,11,29,88,0
May 1984,Burke,0,0,1,7,13,26,7
May 1984,Butts,0,0,0,1,12,8,0
May 1984,Calhoun,0,0,0,3,1,1,0
May 1984,Camden,0,0,0,4,18,34,3
May 1984,Candler,0,0,0,0,0,0,0
May 1984,Carroll,0,1,6,13,50,96,3
May 1984,Catoosa,0,0,0,0,0,9,1
May 1984,Charlton,0,0,1,0,3,2,0
May 1984,Chatham,3,7,43,62,282,829,48
May 1984,Chattahoochee,0,0,0,0,4,1,0
May 1984,Chattooga,0,0,0,1,14,20,0
May 1984,Cherokee,1,0,0,8,27,63,11
May 1984,Clarke,0,6,3,23,94,269,20
May 1984,Clay,0,1,0,0,2,0,0
May 1984,Clayton,0,7,6,20,169,449,49
May 1984,Clinch,0,0,0,0,2,1,1
May 1984,Cobb,0,6,20,68,286,658,91
May 1984,Coffee,1,0,0,1,15,53,6
May 1984,Colquitt,0,1,0,2,28,30,8
May 1984,Columbia,0,2,0,3,33,40,2
May 1984,Cook,0,1,3,6,9,12,2
May 1984,Coweta,0,0,2,5,20,46,4
May 1984,Crawford,0,0,0,1,1,3,0
May 1984,Crisp,0,0,2,12,30,37,0
May 1984,Dade,0,0,0,0,7,5,3
May 1984,Dawson,0,0,0,0,1,4,2
May 1984,Decatur,0,0,1,7,14,29,1
May 1984,Dekalb,0,9,57,69,480,1279,196
May 1984,Dodge,0,0,1,3,4,8,0
May 1984,Dooly,0,0,0,0,0,0,0
May 1984,Dougherty,1,4,3,36,161,204,15
May 1984,Douglas,0,1,1,7,42,108,14
May 1984,Early,0,0,0,5,12,14,0
May 1984,Echols,0,0,0,0,0,0,0
May 1984,Effingham,0,0,0,2,6,15,2
May 1984,Elbert,1,0,0,4,7,10,1
May 1984,Emanuel,0,0,0,2,4,10,1
May 1984,Evans,0,0,0,0,0,0,0
May 1984,Fannin,1,0,0,0,5,4,2
May 1984,Fayette,0,0,0,3,28,65,1
May 1984,Floyd,1,4,4,16,71,123,8
May 1984,Forsyth,0,0,0,1,21,38,12
May 1984,Franklin,0,0,0,0,2,4,0
May 1984,Fulton,14,61,312,553,1124,2829,302
May 1984,Gilmer,0,0,0,0,5,7,1
May 1984,Glascock,0,0,0,0,0,0,0
May 1984,Glynn,0,1,5,40,98,191,22
May 1984,Gordon,0,0,2,7,24,50,2
May 1984,Grady,0,0,2,3,2,8,0
May 1984,Greene,0,1,0,9,8,12,2
May 1984,Gwinnett,1,3,7,31,195,387,67
May 1984,Habersham,0,0,0,0,1,1,0
May 1984,Hall,0,3,1,12,55,170,10
May 1984,Hancock,0,0,0,0,0,0,0
May 1984,Haralson,0,0,0,7,4,21,4
May 1984,Harris,0,0,0,0,11,11,0
May 1984,Hart,0,0,0,0,6,12,0
May 1984,Heard,0,0,0,0,2,0,2
May 1984,Henry,0,0,0,7,28,55,10
May 1984,Houston,1,4,2,9,61,103,8
May 1984,Irwin,0,0,0,1,6,10,0
May 1984,Jackson,0,1,0,2,18,28,1
May 1984,Jasper,0,1,0,0,1,0,0
May 1984,Jeff Davis,0,0,0,1,5,7,0
May 1984,Jefferson,0,0,1,0,4,4,0
May 1984,Jenkins,0,0,0,0,0,1,1
May 1984,Johnson,0,0,0,0,0,0,0
May 1984,Jones,0,0,1,1,2,8,1
May 1984,Lamar,0,0,0,4,4,12,0
May 1984,Lanier,0,0,0,1,9,5,0
May 1984,Laurens,0,0,0,12,22,51,6
May 1984,Lee,0,0,0,1,5,7,0
May 1984,Liberty,0,1,0,18,45,72,5
May 1984,Lincoln,0,0,0,0,4,3,0
May 1984,Long,0,0,0,0,0,0,0
May 1984,Lowndes,0,5,0,2,109,228,11
May 1984,Lumpkin,0,0,0,0,2,12,0
May 1984,Macon,0,0,1,1,0,8,0
May 1984,Madison,0,0,0,3,6,6,1
May 1984,Marion,0,0,0,0,0,0,0
May 1984,McDuffie,0,0,0,1,6,13,0
May 1984,McIntosh,0,0,0,3,9,13,0
May 1984,Meriwether,1,0,1,3,6,8,2
May 1984,Miller,0,0,0,1,0,10,1
May 1984,Mitchell,0,0,0,7,16,28,0
May 1984,Monroe,1,0,0,1,20,22,4
May 1984,Montgomery,0,0,0,0,0,3,0
May 1984,Morgan,0,0,0,1,9,7,0
May 1984,Murray,0,0,0,3,3,15,8
May 1984,Muscogee,2,7,25,39,129,498,41
May 1984,Newton,0,4,1,7,27,43,1
May 1984,Oconee,0,0,1,0,7,1,0
May 1984,Oglethorpe,0,0,0,5,6,11,2
May 1984,Paulding,1,2,0,2,15,24,3
May 1984,Peach,0,0,0,2,11,11,0
May 1984,Pickens,0,0,0,0,0,0,0
May 1984,Pierce,0,0,0,1,4,3,0
May 1984,Pike,0,0,0,1,1,4,0
May 1984,Polk,0,0,0,5,12,25,1
May 1984,Pulaski,0,0,0,2,5,9,1
May 1984,Putnam,0,0,0,2,7,4,0
May 1984,Quitman,0,0,0,0,0,0,0
May 1984,Rabun,0,0,0,0,1,7,1
May 1984,Randolph,0,0,1,1,4,6,0
May 1984,Richmond,2,13,28,40,208,416,46
May 1984,Rockdale,1,0,0,7,22,68,12
May 1984,Schley,0,0,0,0,1,0,0
May 1984,Screven,0,0,0,0,3,8,1
May 1984,Seminole,0,0,0,4,4,9,1
May 1984,Spalding,0,3,0,18,37,133,6
May 1984,Stephens,0,1,0,4,21,27,2
May 1984,Stewart,0,0,0,2,3,1,0
May 1984,Sumter,0,0,2,11,25,64,1
May 1984,Talbot,0,1,0,0,0,3,0
May 1984,Taliaferro,0,0,0,0,0,0,0
May 1984,Tattnall,0,0,0,0,8,7,2
May 1984,Taylor,0,2,0,0,1,1,0
May 1984,Telfair,0,0,1,1,4,3,1
May 1984,Terrell,0,0,0,1,7,12,0
May 1984,Thomas,0,0,3,4,14,67,4
May 1984,Tift,0,0,0,14,11,76,4
May 1984,Toombs,1,1,0,3,9,19,1
May 1984,Towns,0,0,0,0,0,0,0
May 1984,Treutlen,0,0,0,0,1,0,0
May 1984,Troup,0,0,1,28,34,132,8
May 1984,Turner,0,0,0,2,4,16,0
May 1984,Twiggs,0,0,0,0,0,0,0
May 1984,Union,0,0,0,0,0,1,0
May 1984,Upson,0,0,1,11,11,29,0
May 1984,Walker,0,3,1,1,31,44,4
May 1984,Walton,0,0,2,4,19,32,0
May 1984,Ware,0,1,1,10,37,95,10
May 1984,Warren,0,0,0,0,0,0,0
May 1984,Washington,1,2,0,9,25,23,4
May 1984,Wayne,1,0,0,1,10,15,1
May 1984,Webster,0,0,0,0,0,0,0
May 1984,Wheeler,0,0,0,0,0,0,0
May 1984,White,0,0,0,0,6,7,2
May 1984,Whitfield,1,2,4,8,62,136,21
May 1984,Wilcox,0,0,0,1,0,3,0
May 1984,Wilkes,1,1,0,1,8,8,1
May 1984,Wilkinson,0,0,0,0,0,0,0
May 1984,Worth,0,0,1,0,6,5,1
June 1984,Appling,0,0,0,1,1,22,2
June 1984,Atkinson,0,0,0,0,2,0,0
June 1984,Bacon,0,0,0,2,7,4,1
June 1984,Baker,0,0,0,0,1,0,0
June 1984,Baldwin,0,2,0,13,49,58,11
June 1984,Banks,0,0,0,0,1,3,1
June 1984,Barrow,0,1,0,5,12,35,2
June 1984,Bartow,0,0,2,3,28,57,7
June 1984,Ben Hill,0,0,0,2,5,21,1
June 1984,Berrien,0,0,0,4,4,17,1
June 1984,Bibb,2,4,12,35,123,365,34
June 1984,Bleckley,0,0,0,2,1,4,0
June 1984,Brantley,0,0,0,0,7,5,0
June 1984,Brooks,0,0,1,8,7,10,0
June 1984,Bryan,0,0,0,2,12,21,0
June 1984,Bulloch,0,0,1,11,27,71,6
June 1984,Burke,0,0,1,4,8,20,1
June 1984,Butts,0,0,2,1,13,8,1
June 1984,Calhoun,0,0,0,4,2,1,0
June 1984,Camden,0,0,0,1,16,28,6
June 1984,Candler,0,0,0,0,0,0,0
June 1984,Carroll,0,0,4,13,77,104,17
June 1984,Catoosa,0,0,0,0,8,5,1
June 1984,Charlton,0,0,0,0,1,0,0
June 1984,Chatham,3,8,45,56,301,851,59
June 1984,Chattahoochee,0,0,1,0,2,0,0
June 1984,Chattooga,0,0,0,0,10,14,2
June 1984,Cherokee,0,2,0,13,40,64,12
June 1984,Clarke,0,4,4,36,91,245,14
June 1984,Clay,0,0,0,0,2,0,0
June 1984,Clayton,0,4,7,23,151,384,64
June 1984,Clinch,0,0,0,0,3,2,0
June 1984,Cobb,1,7,14,59,268,717,111
June 1984,Coffee,0,1,1,10,23,39,4
June 1984,Colquitt,0,0,0,3,38,52,3
June 1984,Columbia,0,1,2,6,24,46,3
June 1984,Cook,0,0,0,2,6,14,1
June 1984,Coweta,1,0,0,5,25,34,6
June 1984,Crawford,0,0,0,1,1,2,2
June 1984,Crisp,0,0,2,20,26,50,0
June 1984,Dade,0,0,0,0,4,3,4
June 1984,Dawson,0,0,0,0,5,2,1
June 1984,Decatur,0,0,1,3,6,12,1
June 1984,Dekalb,2,17,43,58,510,1363,205
June 1984,Dodge,0,0,0,0,3,10,0
June 1984,Dooly,0,0,0,0,0,1,0
June 1984,Dougherty,0,3,10,53,155,233,10
June 1984,Douglas,0,0,1,7,47,88,9
June 1984,Early,0,0,0,6,9,8,0
June 1984,Echols,0,0,0,1,0,1,0
June 1984,Effingham,0,0,0,1,8,12,0
June 1984,Elbert,0,0,0,2,3,5,1
June 1984,Emanuel,0,1,0,4,2,16,2
June 1984,Evans,0,0,0,0,0,1,0
June 1984,Fannin,0,0,0,0,2,9,2
June 1984,Fayette,0,1,0,7,29,33,3
June 1984,Floyd,0,1,4,10,73,108,11
June 1984,Forsyth,0,1,0,2,12,32,4
June 1984,Franklin,0,0,0,1,6,5,3
June 1984,Fulton,14,76,321,626,1161,2637,327
June 1984,Gilmer,0,0,0,0,5,8,2
June 1984,Glascock,0,0,0,0,0,0,0
June 1984,Glynn,0,8,4,35,86,242,18
June 1984,Gordon,0,0,0,3,24,39,5
June 1984,Grady,1,0,0,0,4,7,0
June 1984,Greene,0,0,0,4,7,8,2
June 1984,Gwinnett,0,4,7,34,193,418,62
June 1984,Habersham,0,1,0,0,3,3,0
June 1984,Hall,0,3,1,18,78,150,20
June 1984,Hancock,0,1,0,1,2,1,0
June 1984,Haralson,0,0,0,9,14,13,5
June 1984,Harris,0,0,0,0,1,2,0
June 1984,Hart,0,0,0,0,6,7,0
June 1984,Heard,0,0,0,0,3,3,0
June 1984,Henry,0,3,0,1,23,55,8
June 1984,Houston,3,2,2,15,90,151,13
June 1984,Irwin,0,0,0,1,4,9,1
June 1984,Jackson,0,1,0,4,11,18,6
June 1984,Jasper,1,0,0,0,1,1,0
June 1984,Jeff Davis,0,0,0,0,3,2,1
June 1984,Jefferson,0,0,0,0,3,3,2
June 1984,Jenkins,0,0,0,0,3,6,0
June 1984,Johnson,0,0,0,0,0,0,0
June 1984,Jones,0,0,0,2,3,8,0
June 1984,Lamar,0,0,0,3,6,16,1
June 1984,Lanier,0,0,0,2,4,3,0
June 1984,Laurens,1,1,3,8,12,61,1
June 1984,Lee,0,1,0,1,4,5,3
June 1984,Liberty,0,1,5,8,50,75,3
June 1984,Lincoln,0,0,0,0,4,4,0
June 1984,Long,0,0,0,0,0,0,0
June 1984,Lowndes,1,2,0,0,113,224,11
June 1984,Lumpkin,0,0,0,2,8,9,0
June 1984,Macon,0,0,0,0,6,4,1
June 1984,Madison,0,0,2,0,1,5,1
June 1984,Marion,0,0,0,0,0,0,0
June 1984,McDuffie,0,0,0,1,4,13,0
June 1984,McIntosh,0,0,0,1,5,7,0
June 1984,Meriwether,0,1,0,4,18,11,3
June 1984,Miller,0,0,0,0,1,4,0
June 1984,Mitchell,0,0,2,15,11,27,2
June 1984,Monroe,0,0,2,8,14,34,2
June 1984,Montgomery,0,0,0,0,1,1,0
June 1984,Morgan,0,1,0,1,16,14,2
June 1984,Murray,0,0,0,3,16,19,5
June 1984,Muscogee,1,5,29,37,147,419,32
June 1984,Newton,1,1,3,5,34,54,10
June 1984,Oconee,1,0,0,0,2,2,0
June 1984,Oglethorpe,0,0,0,0,2,1,0
June 1984,Paulding,0,1,1,3,11,21,3
June 1984,Peach,0,1,1,3,8,10,1
June 1984,Pickens,0,0,0,0,0,0,0
June 1984,Pierce,0,0,0,0,1,3,0
June 1984,Pike,0,0,0,0,2,6,0
June 1984,Polk,0,0,0,4,21,27,5
June 1984,Pulaski,0,0,0,2,5,5,0
June 1984,Putnam,0,0,0,2,3,9,0
June 1984,Quitman,0,0,0,0,0,0,0
June 1984,Rabun,0,0,0,0,0,2,2
June 1984,Randolph,0,0,0,1,5,4,0
June 1984,Richmond,3,8,26,37,220,391,42
June 1984,Rockdale,1,1,2,6,26,71,14
June 1984,Schley,0,0,0,0,0,0,0
June 1984,Screven,0,0,0,0,1,3,0
June 1984,Seminole,0,0,0,3,4,6,0
June 1984,Spalding,0,3,3,20,50,133,9
June 1984,Stephens,0,0,0,1,3,19,1
June 1984,Stewart,0,0,0,0,5,0,0
June 1984,Sumter,0,2,0,13,24,45,0
June 1984,Talbot,1,0,0,0,1,1,1
June 1984,Taliaferro,0,0,0,0,0,0,0
June 1984,Tattnall,1,0,0,1,7,11,0
June 1984,Taylor,0,0,0,0,2,4,0
June 1984,Telfair,0,0,0,0,4,3,0
June 1984,Terrell,0,0,0,2,4,6,0
June 1984,Thomas,1,0,1,6,29,63,4
June 1984,Tift,0,2,0,12,38,80,6
June 1984,Toombs,1,0,1,3,7,8,1
June 1984,Towns,0,0,0,0,0,0,0
June 1984,Treutlen,0,0,0,0,0,0,0
June 1984,Troup,1,1,3,22,28,151,9
June 1984,Turner,0,0,0,5,1,17,0
June 1984,Twiggs,0,0,0,0,0,0,0
June 1984,Union,0,0,0,0,0,1,0
June 1984,Upson,0,0,0,6,13,21,2
June 1984,Walker,0,1,2,3,28,51,3
June 1984,Walton,0,1,2,3,11,36,0
June 1984,Ware,2,0,0,6,36,83,7
June 1984,Warren,0,0,0,0,0,0,0
June 1984,Washington,0,1,0,7,11,21,0
June 1984,Wayne,0,0,1,1,8,17,3
June 1984,Webster,0,0,0,0,0,1,0
June 1984,Wheeler,0,0,0,1,0,1,0
June 1984,White,0,0,0,0,4,2,0
June 1984,Whitfield,0,4,9,12,64,121,24
June 1984,Wilcox,0,0,0,0,1,0,0
June 1984,Wilkes,1,0,0,1,3,7,1
June 1984,Wilkinson,1,0,0,5,3,4,0
June 1984,Worth,0,1,1,0,11,11,2
July 1984,Appling,0,1,3,3,10,21,3
July 1984,Atkinson,0,0,0,0,1,0,0
July 1984,Bacon,0,0,0,2,2,13,0
July 1984,Baker,0,0,0,0,1,0,1
July 1984,Baldwin,0,0,0,20,35,86,13
July 1984,Banks,0,0,0,0,2,3,2
July 1984,Barrow,2,2,1,3,17,26,5
July 1984,Bartow,0,0,0,2,37,65,12
July 1984,Ben Hill,0,1,2,0,24,21,2
July 1984,Berrien,0,0,0,0,5,10,0
July 1984,Bibb,0,4,22,33,149,441,48
July 1984,Bleckley,0,0,0,1,5,4,2
July 1984,Brantley,0,0,0,0,7,9,1
July 1984,Brooks,0,0,0,8,8,10,0
July 1984,Bryan,0,0,0,4,8,19,0
July 1984,Bulloch,1,1,0,12,20,89,4
July 1984,Burke,0,0,0,11,15,25,3
July 1984,Butts,0,2,2,2,8,13,2
July 1984,Calhoun,0,0,0,1,1,0,0
July 1984,Camden,0,1,2,7,15,16,3
July 1984,Candler,0,0,0,0,0,0,0
July 1984,Carroll,0,2,3,14,67,145,17
July 1984,Catoosa,0,1,1,0,30,37,9
July 1984,Charlton,0,0,0,0,1,2,0
July 1984,Chatham,3,7,42,40,360,936,52
July 1984,Chattahoochee,0,1,0,1,7,9,0
July 1984,Chattooga,0,0,0,0,21,17,4
July 1984,Cherokee,0,0,0,11,47,70,6
July 1984,Clarke,1,3,5,25,97,238,19
July 1984,Clay,0,0,0,0,1,2,0
July 1984,Clayton,2,7,10,19,177,470,49
July 1984,Clinch,0,0,0,0,0,2,0
July 1984,Cobb,1,18,26,58,387,802,121
July 1984,Coffee,0,0,2,6,13,40,1
July 1984,Colquitt,0,1,2,3,38,45,2
July 1984,Columbia,0,2,0,8,40,62,5
July 1984,Cook,0,0,1,1,10,11,2
July 1984,Coweta,1,0,1,5,43,39,3
July 1984,Crawford,0,0,0,2,3,3,5
July 1984,Crisp,0,1,3,15,30,57,8
July 1984,Dade,0,0,1,0,1,4,0
July 1984,Dawson,0,0,0,0,2,8,1
July 1984,Decatur,0,0,2,3,13,26,0
July 1984,Dekalb,0,38,126,99,971,2476,412
July 1984,Dodge,0,0,0,3,2,7,0
July 1984,Dooly,0,0,0,0,0,0,0
July 1984,Dougherty,1,13,6,56,183,257,20
July 1984,Douglas,0,6,6,11,38,92,10
July 1984,Early,0,1,0,5,10,10,0
July 1984,Echols,0,0,0,0,0,2,0
July 1984,Effingham,0,1,0,1,5,11,0
July 1984,Elbert,0,1,0,3,3,10,1
July 1984,Emanuel,0,0,1,2,7,15,0
July 1984,Evans,0,0,0,0,2,1,0
July 1984,Fannin,0,0,0,0,7,3,1
July 1984,Fayette,0,0,1,2,31,50,7
July 1984,Floyd,1,3,2,8,80,138,19
July 1984,Forsyth,0,0,0,1,14,43,5
July 1984,Franklin,0,0,0,1,5,6,0
July 1984,Fulton,11,76,341,549,1296,2741,352
July 1984,Gilmer,0,0,0,1,7,6,2
July 1984,Glascock,0,0,0,0,0,0,0
July 1984,Glynn,0,2,13,48,122,272,15
July 1984,Gordon,0,0,0,6,25,39,10
July 1984,Grady,1,1,0,0,10,5,0
July 1984,Greene,0,0,0,5,8,12,0
July 1984,Gwinnett,0,4,9,49,213,513,65
July 1984,Habersham,0,0,0,0,1,4,0
July 1984,Hall,0,2,6,22,67,157,12
July 1984,Hancock,0,1,0,1,0,2,0
July 1984,Haralson,0,0,0,6,15,13,3
July 1984,Harris,0,0,0,0,0,1,0
July 1984,Hart,0,0,0,0,8,6,0
July 1984,Heard,0,0,0,1,2,3,2
July 1984,Henry,0,1,1,3,30,38,4
July 1984,Houston,3,2,10,16,107,166,13
July 1984,Irwin,0,0,0,0,0,7,0
July 1984,Jackson,2,3,1,1,15,13,5
July 1984,Jasper,0,0,0,0,0,2,0
July 1984,Jeff Davis,0,0,0,0,1,6,1
July 1984,Jefferson,0,0,0,2,2,5,0
July 1984,Jenkins,0,0,0,0,1,2,0
July 1984,Johnson,0,0,0,0,0,0,0
July 1984,Jones,0,0,0,2,3,5,3
July 1984,Lamar,1,1,0,1,7,6,0
July 1984,Lanier,0,0,0,0,8,1,1
July 1984,Laurens,0,1,2,17,11,48,1
July 1984,Lee,0,1,0,1,9,16,0
July 1984,Liberty,0,3,4,12,36,83,9
July 1984,Lincoln,0,0,0,1,2,7,1
July 1984,Long,0,0,0,0,0,0,0
July 1984,Lowndes,0,4,11,30,122,280,18
July 1984,Lumpkin,0,0,0,3,4,7,0
July 1984,Macon,0,0,0,0,4,5,0
July 1984,Madison,0,0,0,2,6,8,1
July 1984,Marion,0,0,0,0,0,0,0
July 1984,McDuffie,0,0,0,1,3,14,0
July 1984,McIntosh,0,0,2,1,13,5,0
July 1984,Meriwether,0,0,0,9,21,18,1
July 1984,Miller,0,0,0,2,2,7,1
July 1984,Mitchell,0,0,0,3,12,23,3
July 1984,Monroe,0,2,1,7,8,33,4
July 1984,Montgomery,0,0,0,0,2,1,0
July 1984,Morgan,0,0,0,1,10,9,0
July 1984,Murray,0,0,0,1,9,20,3
July 1984,Muscogee,0,7,39,29,197,502,51
July 1984,Newton,1,0,2,7,41,42,3
July 1984,Oconee,0,0,0,0,1,0,0
July 1984,Oglethorpe,0,0,0,2,9,9,0
July 1984,Paulding,0,0,0,0,15,23,7
July 1984,Peach,0,0,0,6,29,41,3
July 1984,Pickens,0,0,0,0,0,0,0
July 1984,Pierce,1,0,0,0,2,3,1
July 1984,Pike,0,1,1,0,3,3,0
July 1984,Polk,0,0,0,2,39,30,4
July 1984,Pulaski,3,0,0,2,6,7,2
July 1984,Putnam,0,0,0,1,8,7,0
July 1984,Quitman,0,0,0,0,0,0,0
July 1984,Rabun,0,0,0,0,3,2,0
July 1984,Randolph,0,1,0,3,5,10,1
July 1984,Richmond,4,12,30,37,266,471,52
July 1984,Rockdale,0,1,6,6,51,91,15
July 1984,Schley,0,0,0,0,0,0,0
July 1984,Screven,0,0,0,0,2,5,0
July 1984,Seminole,0,0,0,2,7,5,0
July 1984,Spalding,0,6,6,14,60,112,9
July 1984,Stephens,0,0,0,1,22,23,3
July 1984,Stewart,0,0,0,0,0,2,0
July 1984,Sumter,0,0,0,16,22,72,5
July 1984,Talbot,0,0,1,0,1,1,0
July 1984,Taliaferro,0,0,0,0,0,0,0
July 1984,Tattnall,0,0,0,2,6,8,3
July 1984,Taylor,0,0,0,5,1,5,2
July 1984,Telfair,0,0,0,0,5,2,0
July 1984,Terrell,1,0,1,1,9,5,0
July 1984,Thomas,0,0,0,8,40,94,3
July 1984,Tift,2,1,4,26,33,69,5
July 1984,Toombs,0,1,1,6,18,7,2
July 1984,Towns,0,0,0,0,0,0,0
July 1984,Treutlen,0,0,0,0,0,0,0
July 1984,Troup,0,2,1,29,55,162,6
July 1984,Turner,0,0,1,1,3,8,1
July 1984,Twiggs,0,0,0,0,0,0,0
July 1984,Union,0,0,0,0,0,0,0
July 1984,Upson,1,0,1,5,6,20,1
July 1984,Walker,0,1,3,4,35,34,1
July 1984,Walton,0,0,1,2,13,23,5
July 1984,Ware,1,2,3,11,50,83,14
July 1984,Warren,0,0,0,0,0,0,0
July 1984,Washington,0,0,1,11,19,29,2
July 1984,Wayne,0,0,0,4,17,32,4
July 1984,Webster,0,0,0,0,0,3,0
July 1984,Wheeler,0,0,0,0,0,0,0
July 1984,White,0,0,0,0,6,14,0
July 1984,Whitfield,0,2,1,10,67,120,33
July 1984,Wilcox,0,0,0,0,2,2,0
July 1984,Wilkes,0,0,0,0,5,8,1
July 1984,Wilkinson,0,0,0,3,0,4,1
July 1984,Worth,0,1,0,2,9,15,1
August 1984,Appling,0,0,0,1,2,17,2
August 1984,Atkinson,0,0,0,2,0,1,0
August 1984,Bacon,0,1,1,1,12,12,2
August 1984,Baker,0,0,0,0,0,0,0
August 1984,Baldwin,1,3,2,22,57,89,11
August 1984,Banks,0,0,0,1,0,5,2
August 1984,Barrow,0,2,1,2,35,43,9
August 1984,Bartow,0,0,2,5,35,73,16
August 1984,Ben Hill,0,0,0,5,14,26,3
August 1984,Berrien,0,0,0,3,10,11,2
August 1984,Bibb,0,13,16,47,149,505,32
August 1984,Bleckley,0,0,0,0,4,4,1
August 1984,Brantley,0,1,2,1,6,13,2
August 1984,Brooks,0,0,0,1,7,7,1
August 1984,Bryan,0,0,1,2,11,24,1
August 1984,Bulloch,1,2,0,7,33,54,4
August 1984,Burke,0,2,0,9,26,25,3
August 1984,Butts,0,0,1,1,15,17,2
August 1984,Calhoun,0,0,0,2,1,0,0
August 1984,Camden,0,0,0,3,11,21,3
August 1984,Candler,0,0,0,0,0,0,0
August 1984,Carroll,0,3,5,13,45,124,13
August 1984,Catoosa,0,0,1,0,1,1,0
August 1984,Charlton,0,0,0,0,1,0,0
August 1984,Chatham,4,11,62,33,353,952,54
August 1984,Chattahoochee,0,0,0,2,6,0,0
August 1984,Chattooga,0,0,1,1,11,19,5
August 1984,Cherokee,0,0,0,17,45,67,13
August 1984,Clarke,0,3,7,35,101,280,20
August 1984,Clay,0,0,0,1,1,1,0
August 1984,Clayton,0,7,13,27,218,413,70
August 1984,Clinch,0,0,0,0,2,1,0
August 1984,Cobb,0,9,13,66,399,739,142
August 1984,Coffee,1,1,0,9,19,36,5
August 1984,Colquitt,0,0,3,4,31,56,5
August 1984,Columbia,0,2,0,5,26,63,2
August 1984,Cook,0,0,1,4,4,9,1
August 1984,Coweta,0,0,1,6,34,41,4
August 1984,Crawford,0,0,0,1,1,8,3
August 1984,Crisp,0,0,3,14,38,67,4
August 1984,Dade,0,0,0,0,1,0,0
August 1984,Dawson,0,0,0,0,3,9,0
August 1984,Decatur,0,0,6,3,20,35,3
August 1984,Dekalb,1,19,57,62,606,1519,210
August 1984,Dodge,0,0,1,0,3,8,1
August 1984,Dooly,0,0,0,0,0,0,0
August 1984,Dougherty,0,6,9,58,249,303,25
August 1984,Douglas,0,0,4,15,62,100,22
August 1984,Early,0,0,0,7,16,8,0
August 1984,Echols,0,0,0,0,0,0,0
August 1984,Effingham,0,0,0,2,5,4,1
August 1984,Elbert,1,0,0,2,3,13,1
August 1984,Emanuel,0,1,1,10,10,14,2
August 1984,Evans,0,0,0,0,0,0,0
August 1984,Fannin,0,0,0,0,10,2,3
August 1984,Fayette,0,0,1,2,32,36,8
August 1984,Floyd,2,2,4,6,109,157,17
August 1984,Forsyth,1,0,2,6,21,49,7
August 1984,Franklin,1,0,0,0,6,4,0
August 1984,Fulton,11,78,445,621,1352,3001,384
August 1984,Gilmer,0,0,0,0,6,4,5
August 1984,Glascock,0,0,0,0,0,0,0
August 1984,Glynn,0,6,12,61,141,230,27
August 1984,Gordon,0,0,0,4,25,50,9
August 1984,Grady,0,0,0,0,7,8,1
August 1984,Greene,0,0,0,3,2,4,1
August 1984,Gwinnett,0,5,7,57,254,623,98
August 1984,Habersham,0,0,0,0,2,2,0
August 1984,Hall,0,4,3,22,65,159,13
August 1984,Hancock,0,1,0,0,2,0,0
August 1984,Haralson,0,0,0,6,10,17,5
August 1984,Harris,0,0,0,0,1,0,0
August 1984,Hart,0,0,0,0,8,8,1
August 1984,Heard,0,0,0,0,1,0,2
August 1984,Henry,0,0,0,1,22,26,2
August 1984,Houston,0,2,5,29,79,162,13
August 1984,Irwin,0,1,0,3,12,11,1
August 1984,Jackson,0,1,0,3,17,30,3
August 1984,Jasper,0,0,1,0,5,0,1
August 1984,Jeff Davis,0,0,0,1,2,5,1
August 1984,Jefferson,0,0,0,8,8,9,2
August 1984,Jenkins,0,0,0,0,4,5,0
August 1984,Johnson,0,0,0,0,1,0,0
August 1984,Jones,0,0,0,0,4,8,0
August 1984,Lamar,0,0,1,2,11,11,0
August 1984,Lanier,0,0,0,2,1,4,0
August 1984,Laurens,1,3,2,18,15,62,3
August 1984,Lee,0,0,0,0,3,3,1
August 1984,Liberty,0,1,0,12,37,76,4
August 1984,Lincoln,0,0,0,1,2,3,0
August 1984,Long,0,0,0,0,0,0,0
August 1984,Lowndes,4,5,0,0,112,265,11
August 1984,Lumpkin,0,1,0,0,1,9,1
August 1984,Macon,0,2,0,1,9,4,0
August 1984,Madison,0,0,0,0,5,2,0
August 1984,Marion,0,0,0,0,0,0,0
August 1984,McDuffie,0,0,0,2,1,13,0
August 1984,McIntosh,0,0,0,2,12,11,1
August 1984,Meriwether,0,0,1,8,20,16,1
August 1984,Miller,0,0,0,0,7,4,0
August 1984,Mitchell,0,4,2,3,18,41,1
August 1984,Monroe,0,0,1,5,12,23,0
August 1984,Montgomery,0,0,0,0,1,1,0
August 1984,Morgan,0,0,2,0,5,5,0
August 1984,Murray,0,2,0,1,12,26,6
August 1984,Muscogee,4,5,27,31,204,555,61
August 1984,Newton,1,0,1,2,45,60,5
August 1984,Oconee,0,0,0,0,2,2,1
August 1984,Oglethorpe,0,0,0,3,12,8,2
August 1984,Paulding,0,0,0,3,17,25,6
August 1984,Peach,0,0,0,2,14,11,2
August 1984,Pickens,0,0,0,0,0,0,0
August 1984,Pierce,0,1,0,0,0,4,0
August 1984,Pike,0,0,0,0,3,3,0
August 1984,Polk,1,0,0,6,22,30,5
August 1984,Pulaski,0,0,0,4,6,11,0
August 1984,Putnam,0,0,0,2,11,13,0
August 1984,Quitman,0,0,0,0,0,0,0
August 1984,Rabun,0,0,0,0,2,2,0
August 1984,Randolph,0,0,0,1,5,4,1
August 1984,Richmond,1,5,26,33,267,495,61
August 1984,Rockdale,0,0,3,6,58,73,8
August 1984,Schley,0,0,0,0,0,0,0
August 1984,Screven,0,0,0,1,8,2,1
August 1984,Seminole,0,0,1,4,0,9,1
August 1984,Spalding,1,8,6,22,60,148,4
August 1984,Stephens,0,2,0,3,29,20,5
August 1984,Stewart,0,0,0,0,1,1,0
August 1984,Sumter,0,2,2,14,34,71,2
August 1984,Talbot,0,0,0,0,7,2,0
August 1984,Taliaferro,0,0,0,0,0,0,0
August 1984,Tattnall,0,0,1,0,8,6,0
August 1984,Taylor,0,0,0,2,2,2,1
August 1984,Telfair,0,0,0,0,0,2,0
August 1984,Terrell,0,0,0,0,11,16,0
August 1984,Thomas,0,0,0,11,49,88,9
August 1984,Tift,0,0,3,21,30,73,7
August 1984,Toombs,0,1,0,2,5,9,3
August 1984,Towns,0,0,0,0,0,0,0
August 1984,Treutlen,0,0,0,0,0,0,0
August 1984,Troup,2,0,3,27,56,167,4
August 1984,Turner,0,1,0,2,0,13,0
August 1984,Twiggs,0,0,0,0,0,0,0
August 1984,Union,0,0,0,0,0,0,1
August 1984,Upson,0,0,0,6,15,16,0
August 1984,Walker,1,1,0,5,37,37,3
August 1984,Walton,0,0,4,2,34,28,2
August 1984,Ware,1,4,2,12,62,89,15
August 1984,Warren,0,0,0,0,0,0,0
August 1984,Washington,1,1,0,15,16,19,1
August 1984,Wayne,0,0,1,3,17,41,2
August 1984,Webster,0,0,0,0,0,0,0
August 1984,Wheeler,0,0,0,1,0,0,0
August 1984,White,0,0,1,0,3,6,0
August 1984,Whitfield,0,1,3,8,80,135,24
August 1984,Wilcox,0,0,0,0,2,2,0
August 1984,Wilkes,0,0,0,2,7,12,1
August 1984,Wilkinson,0,0,0,1,2,3,1
August 1984,Worth,0,0,0,1,8,9,0
September 1984,Appling,0,0,0,3,5,9,1
September 1984,Atkinson,0,0,0,1,0,0,0
September 1984,Bacon,0,0,1,1,7,3,0
September 1984,Baker,0,0,0,0,0,0,0
September 1984,Baldwin,0,2,5,10,47,61,10
September 1984,Banks,0,0,1,0,2,4,0
September 1984,Barrow,0,0,1,5,17,43,7
September 1984,Bartow,0,1,2,1,22,60,4
September 1984,Ben Hill,0,2,1,4,16,26,1
September 1984,Berrien,0,0,0,2,2,9,1
September 1984,Bibb,1,4,19,39,152,382,42
September 1984,Bleckley,0,0,1,0,5,6,0
September 1984,Brantley,0,1,0,2,3,6,1
September 1984,Brooks,0,0,0,6,7,12,1
September 1984,Bryan,0,0,0,2,13,15,2
September 1984,Bulloch,0,2,0,2,26,68,0
September 1984,Burke,0,1,0,13,21,17,3
September 1984,Butts,0,0,0,1,10,7,0
September 1984,Calhoun,0,0,0,0,1,0,1
September 1984,Camden,0,0,0,1,10,12,3
September 1984,Candler,0,0,0,0,0,0,0
September 1984,Carroll,0,1,3,12,54,117,13
September 1984,Catoosa,0,0,0,0,4,11,1
September 1984,Charlton,0,0,0,0,0,1,0
September 1984,Chatham,4,10,47,38,326,745,52
September 1984,Chattahoochee,0,0,0,0,0,1,0
September 1984,Chattooga,0,1,0,4,15,21,3
September 1984,Cherokee,0,2,0,14,49,66,18
September 1984,Clarke,1,4,6,26,83,321,25
September 1984,Clay,0,0,0,0,0,0,0
September 1984,Clayton,0,3,9,21,184,321,60
September 1984,Clinch,0,0,0,0,1,6,0
September 1984,Cobb,2,11,14,49,386,686,131
September 1984,Coffee,1,3,3,8,20,38,3
September 1984,Colquitt,0,2,0,11,22,56,2
September 1984,Columbia,1,0,1,6,26,53,2
September 1984,Cook,0,0,0,6,8,16,1
September 1984,Coweta,0,1,2,2,27,47,2
September 1984,Crawford,0,0,0,1,5,2,0
September 1984,Crisp,0,1,1,13,34,67,4
September 1984,Dade,0,0,0,0,0,0,0
September 1984,Dawson,0,0,0,0,3,3,0
September 1984,Decatur,1,0,1,4,13,31,1
September 1984,Dekalb,3,13,77,63,509,1303,223
September 1984,Dodge,0,0,0,1,2,11,0
September 1984,Dooly,0,0,0,0,0,0,0
September 1984,Dougherty,4,8,6,41,183,304,15
September 1984,Douglas,0,2,0,9,49,91,13
September 1984,Early,1,0,1,8,14,10,2
September 1984,Echols,0,0,0,0,0,0,0
September 1984,Effingham,0,1,0,0,11,10,3
September 1984,Elbert,1,0,1,3,5,9,0
September 1984,Emanuel,0,0,0,5,7,13,2
September 1984,Evans,0,0,0,0,1,0,0
September 1984,Fannin,0,0,1,0,10,4,1
September 1984,Fayette,0,0,0,3,22,43,6
September 1984,Floyd,0,2,4,8,87,141,14
September 1984,Forsyth,0,0,1,2,22,35,7
September 1984,Franklin,0,1,0,1,6,9,1
September 1984,Fulton,14,57,389,558,1216,2649,378
September 1984,Gilmer,0,0,0,2,10,8,4
September 1984,Glascock,0,0,0,0,0,0,0
September 1984,Glynn,1,4,14,54,133,241,21
September 1984,Gordon,0,1,0,6,33,44,8
September 1984,Grady,0,1,0,4,17,4,1
September 1984,Greene,0,0,0,2,5,6,0
September 1984,Gwinnett,0,5,9,57,204,499,65
September 1984,Habersham,0,0,1,0,2,4,1
September 1984,Hall,0,1,5,9,65,139,13
September 1984,Hancock,0,0,0,0,1,0,0
September 1984,Haralson,0,0,0,2,6,10,4
September 1984,Harris,0,0,0,0,0,0,0
September 1984,Hart,0,0,0,0,2,4,0
September 1984,Heard,0,0,0,0,3,0,0
September 1984,Henry,0,3,1,2,26,51,3
September 1984,Houston,1,1,8,15,87,139,8
September 1984,Irwin,0,0,0,2,5,7,0
September 1984,Jackson,0,0,1,1,17,25,7
September 1984,Jasper,0,0,0,1,2,2,1
September 1984,Jeff Davis,2,0,0,0,6,15,3
September 1984,Jefferson,0,0,0,1,1,6,2
September 1984,Jenkins,0,0,0,2,4,17,1
September 1984,Johnson,0,0,0,0,0,0,0
September 1984,Jones,0,0,1,0,10,6,2
September 1984,Lamar,0,0,0,3,5,14,0
September 1984,Lanier,0,0,1,1,7,3,0
September 1984,Laurens,0,0,1,10,17,32,1
September 1984,Lee,0,0,1,0,3,8,0
September 1984,Liberty,0,3,3,5,56,62,7
September 1984,Lincoln,0,0,0,0,1,1,2
September 1984,Long,0,0,0,0,0,0,0
September 1984,Lowndes,0,2,0,0,94,209,10
September 1984,Lumpkin,0,0,0,1,6,4,2
September 1984,Macon,0,1,0,4,5,8,1
September 1984,Madison,0,0,0,0,1,1,0
September 1984,Marion,0,0,0,0,0,0,0
September 1984,McDuffie,0,0,1,0,3,8,0
September 1984,McIntosh,0,0,0,0,9,10,2
September 1984,Meriwether,0,1,1,7,14,15,1
September 1984,Miller,0,0,0,0,0,3,0
September 1984,Mitchell,0,0,2,13,15,16,0
September 1984,Monroe,0,1,2,6,23,28,4
September 1984,Montgomery,0,0,0,1,1,0,2
September 1984,Morgan,0,0,1,0,13,5,0
September 1984,Murray,0,1,0,4,18,12,6
September 1984,Muscogee,4,6,27,31,177,571,54
September 1984,Newton,0,1,0,7,27,39,3
September 1984,Oconee,0,0,0,0,2,3,0
September 1984,Oglethorpe,0,0,1,3,6,3,0
September 1984,Paulding,0,1,0,6,18,26,5
September 1984,Peach,0,2,0,1,9,10,1
September 1984,Pickens,0,0,0,0,0,0,0
September 1984,Pierce,0,0,0,0,0,5,0
September 1984,Pike,0,0,0,0,2,1,0
September 1984,Polk,0,0,1,7,19,15,11
September 1984,Pulaski,0,0,1,3,4,4,1
September 1984,Putnam,0,0,0,1,9,6,0
September 1984,Quitman,0,0,0,0,0,0,0
September 1984,Rabun,0,0,0,0,2,4,1
September 1984,Randolph,0,0,0,0,5,4,0
September 1984,Richmond,6,14,18,35,246,442,56
September 1984,Rockdale,0,0,1,11,32,64,6
September 1984,Schley,0,0,0,0,0,0,0
September 1984,Screven,0,0,0,1,10,7,0
September 1984,Seminole,0,0,0,2,4,8,2
September 1984,Spalding,0,4,4,8,68,101,8
September 1984,Stephens,0,0,3,4,16,30,2
September 1984,Stewart,0,0,0,3,3,3,2
September 1984,Sumter,0,1,1,10,33,55,3
September 1984,Talbot,0,0,0,0,1,0,0
September 1984,Taliaferro,0,0,0,0,0,0,0
September 1984,Tattnall,0,1,0,0,4,1,1
September 1984,Taylor,0,0,0,5,8,2,0
September 1984,Telfair,0,1,0,0,0,4,0
September 1984,Terrell,0,0,0,0,4,8,1
September 1984,Thomas,0,2,12,9,42,77,9
September 1984,Tift,1,1,3,17,24,82,10
September 1984,Toombs,0,1,1,3,4,16,1
September 1984,Towns,0,0,0,0,0,0,0
September 1984,Treutlen,0,0,0,0,0,0,0
September 1984,Troup,1,1,3,25,42,142,7
September 1984,Turner,0,0,1,4,3,10,0
September 1984,Twiggs,0,0,0,0,0,0,0
September 1984,Union,0,0,0,0,0,1,0
September 1984,Upson,1,0,2,5,21,31,2
September 1984,Walker,0,1,1,3,48,56,2
September 1984,Walton,0,1,0,4,34,34,5
September 1984,Ware,2,3,4,11,49,59,4
September 1984,Warren,0,0,0,0,0,0,0
September 1984,Washington,0,0,0,8,20,23,5
September 1984,Wayne,0,0,2,8,25,29,5
September 1984,Webster,0,0,0,1,0,1,0
September 1984,Wheeler,0,0,0,2,0,1,1
September 1984,White,0,0,0,0,1,8,1
September 1984,Whitfield,0,2,5,7,50,126,28
September 1984,Wilcox,0,0,1,0,3,0,0
September 1984,Wilkes,0,0,0,3,15,7,2
September 1984,Wilkinson,0,0,0,1,3,4,0
September 1984,Worth,0,0,0,0,8,16,1
October 1984,Appling,0,0,0,1,0,0,1
October 1984,Atkinson,0,0,0,0,0,0,0
October 1984,Bacon,0,2,2,2,6,7,0
October 1984,Baker,0,0,0,0,0,0,2
October 1984,Baldwin,0,1,0,16,51,85,9
October 1984,Banks,0,0,0,0,3,1,0
October 1984,Barrow,0,0,1,6,8,31,5
October 1984,Bartow,0,0,1,3,26,44,24
October 1984,Ben Hill,0,0,0,3,20,31,2
October 1984,Berrien,0,0,0,2,9,10,0
October 1984,Bibb,3,8,21,43,166,438,33
October 1984,Bleckley,0,0,0,2,12,8,0
October 1984,Brantley,1,0,0,2,3,6,0
October 1984,Brooks,0,0,0,2,8,2,1
October 1984,Bryan,0,0,2,1,8,15,0
October 1984,Bulloch,0,0,2,6,31,76,4
October 1984,Burke,0,1,2,18,25,20,0
October 1984,Butts,0,0,0,1,15,14,2
October 1984,Calhoun,0,0,0,2,1,0,0
October 1984,Camden,0,0,1,3,13,21,6
October 1984,Candler,0,0,0,0,0,2,0
October 1984,Carroll,0,1,0,14,51,105,15
October 1984,Catoosa,0,0,1,0,30,16,13
October 1984,Charlton,0,0,0,0,1,9,0
October 1984,Chatham,2,12,71,44,385,823,59
October 1984,Chattahoochee,0,0,1,4,1,0,1
October 1984,Chattooga,0,0,2,2,4,22,4
October 1984,Cherokee,0,0,1,6,57,47,12
October 1984,Clarke,0,3,7,20,110,347,25
October 1984,Clay,0,0,0,0,8,3,0
October 1984,Clayton,1,4,13,35,214,425,62
October 1984,Clinch,0,0,0,0,3,3,0
October 1984,Cobb,0,9,26,89,447,843,142
October 1984,Coffee,0,0,1,9,21,51,1
October 1984,Colquitt,0,0,5,3,26,42,4
October 1984,Columbia,0,1,0,7,31,52,2
October 1984,Cook,0,2,2,7,17,11,1
October 1984,Coweta,0,0,1,3,36,45,5
October 1984,Crawford,0,0,0,3,2,3,0
October 1984,Crisp,1,2,6,17,23,57,5
October 1984,Dade,0,0,0,0,0,0,1
October 1984,Dawson,0,0,0,0,9,3,0
October 1984,Decatur,0,1,0,5,19,36,1
October 1984,Dekalb,0,10,79,50,630,1394,207
October 1984,Dodge,0,0,0,0,4,6,0
October 1984,Dooly,0,0,0,0,0,0,0
October 1984,Dougherty,1,3,19,37,157,266,27
October 1984,Douglas,0,0,4,7,48,103,9
October 1984,Early,2,0,0,6,7,14,1
October 1984,Echols,0,0,0,0,0,0,0
October 1984,Effingham,0,0,0,2,4,6,0
October 1984,Elbert,1,0,0,3,9,14,2
October 1984,Emanuel,0,0,0,8,5,16,2
October 1984,Evans,0,0,0,0,0,0,0
October 1984,Fannin,0,0,0,1,7,2,1
October 1984,Fayette,0,2,0,2,28,51,5
October 1984,Floyd,0,2,3,19,61,136,10
October 1984,Forsyth,0,0,0,2,36,31,5
October 1984,Franklin,0,0,0,2,4,8,2
October 1984,Fulton,14,87,451,605,1448,2889,425
October 1984,Gilmer,0,0,0,0,6,6,4
October 1984,Glascock,0,0,0,0,0,0,0
October 1984,Glynn,0,5,21,50,130,242,22
October 1984,Gordon,1,0,2,7,23,47,8
October 1984,Grady,0,0,1,1,3,8,0
October 1984,Greene,0,0,0,2,5,4,1
October 1984,Gwinnett,1,8,12,30,259,459,70
October 1984,Habersham,0,0,0,0,0,2,0
October 1984,Hall,1,2,4,16,79,162,16
October 1984,Hancock,0,0,0,2,4,1,0
October 1984,Haralson,0,0,0,5,5,16,0
October 1984,Harris,0,0,0,0,0,1,0
October 1984,Hart,0,0,0,0,0,0,0
October 1984,Heard,0,0,0,0,0,1,1
October 1984,Henry,0,1,1,3,39,48,11
October 1984,Houston,0,0,6,15,86,130,4
October 1984,Irwin,0,1,0,0,3,13,1
October 1984,Jackson,0,1,0,0,37,21,3
October 1984,Jasper,0,0,0,0,1,3,0
October 1984,Jeff Davis,0,0,0,0,4,6,0
October 1984,Jefferson,0,0,1,2,9,1,0
October 1984,Jenkins,0,0,0,1,7,8,0
October 1984,Johnson,0,0,0,0,0,0,0
October 1984,Jones,0,0,0,2,9,2,2
October 1984,Lamar,0,1,1,0,11,19,2
October 1984,Lanier,0,0,0,3,2,2,0
October 1984,Laurens,0,1,0,5,15,41,1
October 1984,Lee,0,0,0,0,3,3,1
October 1984,Liberty,0,2,3,6,55,57,7
October 1984,Lincoln,0,0,0,0,3,4,2
October 1984,Long,0,0,0,0,0,0,0
October 1984,Lowndes,1,3,8,20,100,240,16
October 1984,Lumpkin,0,0,0,0,4,3,1
October 1984,Macon,0,0,0,1,7,10,0
October 1984,Madison,1,0,0,0,4,10,2
October 1984,Marion,0,0,0,0,0,0,0
October 1984,McDuffie,0,0,0,0,4,14,2
October 1984,McIntosh,0,0,2,1,9,6,1
October 1984,Meriwether,0,1,2,4,17,15,0
October 1984,Miller,0,1,0,0,1,7,1
October 1984,Mitchell,0,1,1,10,16,30,2
October 1984,Monroe,0,0,0,2,12,18,3
October 1984,Montgomery,0,0,0,0,0,1,0
October 1984,Morgan,1,0,1,1,8,2,1
October 1984,Murray,0,0,0,1,26,10,4
October 1984,Muscogee,4,7,35,37,183,512,55
October 1984,Newton,0,0,1,12,44,51,6
October 1984,Oconee,0,0,0,1,4,1,1
October 1984,Oglethorpe,0,0,0,0,4,4,0
October 1984,Paulding,0,2,0,5,26,23,8
October 1984,Peach,0,0,0,2,7,11,0
October 1984,Pickens,0,0,0,0,2,0,0
October 1984,Pierce,0,0,0,0,2,1,0
October 1984,Pike,0,0,0,0,3,1,0
October 1984,Polk,0,0,0,5,33,18,6
October 1984,Pulaski,0,2,0,3,7,6,0
October 1984,Putnam,0,0,0,2,4,8,2
October 1984,Quitman,0,0,0,0,0,0,0
October 1984,Rabun,0,0,0,0,3,4,0
October 1984,Randolph,0,1,0,0,4,7,0
October 1984,Richmond,3,8,21,33,264,526,50
October 1984,Rockdale,0,1,1,16,36,55,10
October 1984,Schley,0,0,0,0,3,1,0
October 1984,Screven,0,1,0,0,10,7,1
October 1984,Seminole,0,1,0,1,4,6,1
October 1984,Spalding,0,2,2,9,59,114,15
October 1984,Stephens,0,0,0,2,28,44,2
October 1984,Stewart,0,0,0,2,3,4,0
October 1984,Sumter,0,1,2,9,44,54,2
October 1984,Talbot,0,0,0,0,0,0,0
October 1984,Taliaferro,0,0,0,0,0,0,0
October 1984,Tattnall,0,0,0,0,4,0,0
October 1984,Taylor,0,0,0,1,0,4,1
October 1984,Telfair,0,0,0,2,7,1,0
October 1984,Terrell,0,0,2,2,9,9,1
October 1984,Thomas,1,1,3,5,25,50,1
October 1984,Tift,1,1,0,8,25,55,4
October 1984,Toombs,0,0,1,2,8,10,1
October 1984,Towns,0,0,0,0,0,0,0
October 1984,Treutlen,0,0,0,0,1,0,0
October 1984,Troup,0,1,3,16,44,144,8
October 1984,Turner,0,0,1,1,2,0,0
October 1984,Twiggs,0,0,0,0,0,0,0
October 1984,Union,0,0,0,0,0,0,0
October 1984,Upson,0,1,0,4,11,29,3
October 1984,Walker,0,1,2,1,75,61,11
October 1984,Walton,0,0,0,2,17,40,3
October 1984,Ware,2,0,0,10,65,60,8
October 1984,Warren,0,0,0,0,0,0,0
October 1984,Washington,0,0,1,3,34,22,2
October 1984,Wayne,0,0,0,2,27,38,6
October 1984,Webster,0,0,0,0,0,0,0
October 1984,Wheeler,0,0,0,1,0,0,0
October 1984,White,0,0,0,1,6,16,1
October 1984,Whitfield,0,1,3,13,72,135,13
October 1984,Wilcox,0,0,0,0,1,1,0
October 1984,Wilkes,0,1,0,2,4,6,2
October 1984,Wilkinson,0,0,0,0,4,5,0
October 1984,Worth,0,0,1,0,9,8,3
November 1984,Appling,0,0,0,0,4,13,0
November 1984,Atkinson,0,2,0,2,0,1,0
November 1984,Bacon,0,0,0,0,4,1,0
November 1984,Baker,0,0,0,1,0,0,0
November 1984,Baldwin,0,1,1,17,38,78,9
November 1984,Banks,0,0,1,0,7,3,1
November 1984,Barrow,0,1,1,3,11,26,4
November 1984,Bartow,0,0,0,2,26,65,14
November 1984,Ben Hill,0,0,0,3,20,27,4
November 1984,Berrien,1,0,0,3,7,5,0
November 1984,Bibb,1,6,16,47,153,472,39
November 1984,Bleckley,0,0,0,2,7,5,2
November 1984,Brantley,0,0,0,1,3,8,0
November 1984,Brooks,0,0,0,4,10,8,4
November 1984,Bryan,0,0,0,1,7,21,2
November 1984,Bulloch,2,0,1,8,19,69,2
November 1984,Burke,1,1,3,5,7,14,0
November 1984,Butts,0,0,1,0,13,13,0
November 1984,Calhoun,0,0,0,2,4,4,0
November 1984,Camden,0,0,0,5,16,21,3
November 1984,Candler,0,0,1,1,2,4,0
November 1984,Carroll,0,0,5,9,73,163,11
November 1984,Catoosa,1,0,3,2,21,11,10
November 1984,Charlton,0,0,0,0,2,4,0
November 1984,Chatham,2,8,70,42,485,765,41
November 1984,Chattahoochee,0,0,0,0,0,0,1
November 1984,Chattooga,0,0,2,1,18,24,2
November 1984,Cherokee,0,1,0,7,56,56,13
November 1984,Clarke,0,0,10,16,99,289,19
November 1984,Clay,0,0,0,0,6,0,1
November 1984,Clayton,1,3,7,19,190,411,81
November 1984,Clinch,0,0,0,0,1,2,0
November 1984,Cobb,2,3,26,62,375,711,129
November 1984,Coffee,0,0,0,5,13,46,5
November 1984,Colquitt,0,0,0,3,19,38,3
November 1984,Columbia,0,1,1,3,30,51,3
November 1984,Cook,0,1,1,8,13,23,1
November 1984,Coweta,1,0,0,10,29,41,4
November 1984,Crawford,0,0,0,1,3,3,2
November 1984,Crisp,0,1,2,9,43,49,2
November 1984,Dade,0,0,0,0,1,0,0
November 1984,Dawson,0,0,0,1,4,5,0
November 1984,Decatur,0,0,1,5,20,31,3
November 1984,Dekalb,2,6,82,51,556,1333,199
November 1984,Dodge,0,0,0,0,8,3,1
November 1984,Dooly,0,0,0,0,0,0,0
November 1984,Dougherty,1,7,11,34,161,266,18
November 1984,Douglas,0,1,0,12,58,96,17
November 1984,Early,0,0,3,1,15,10,0
November 1984,Echols,0,0,0,0,0,0,0
November 1984,Effingham,0,0,0,0,2,5,1
November 1984,Elbert,0,0,1,0,2,12,1
November 1984,Emanuel,1,1,0,2,26,16,2
November 1984,Evans,0,0,0,0,1,0,0
November 1984,Fannin,0,0,1,3,7,3,2
November 1984,Fayette,0,0,0,0,22,41,4
November 1984,Floyd,0,2,0,7,50,142,11
November 1984,Forsyth,0,1,1,1,40,25,2
November 1984,Franklin,0,0,1,1,8,2,2
November 1984,Fulton,14,53,434,493,1311,2717,413
November 1984,Gilmer,0,0,0,0,12,4,1
November 1984,Glascock,0,0,0,0,0,0,0
November 1984,Glynn,0,5,8,30,105,260,23
November 1984,Gordon,0,0,1,2,25,51,5
November 1984,Grady,0,1,1,2,9,9,2
November 1984,Greene,0,0,1,1,2,7,0
November 1984,Gwinnett,1,3,10,35,231,426,58
November 1984,Habersham,0,0,0,0,0,0,1
November 1984,Hall,0,3,4,12,84,132,16
November 1984,Hancock,0,0,0,1,3,1,0
November 1984,Haralson,0,1,0,7,10,18,1
November 1984,Harris,0,0,0,0,0,0,0
November 1984,Hart,0,0,0,0,4,4,1
November 1984,Heard,0,0,0,1,2,0,1
November 1984,Henry,0,1,0,5,40,58,9
November 1984,Houston,0,1,4,10,98,127,11
November 1984,Irwin,0,0,0,0,4,11,0
November 1984,Jackson,0,0,1,2,17,15,4
November 1984,Jasper,0,0,0,1,5,0,1
November 1984,Jeff Davis,0,0,0,1,1,5,0
November 1984,Jefferson,2,0,0,3,11,8,0
November 1984,Jenkins,0,0,0,0,7,9,0
November 1984,Johnson,0,0,0,0,0,0,0
November 1984,Jones,0,0,0,0,2,0,0
November 1984,Lamar,0,1,0,1,7,7,1
November 1984,Lanier,0,0,0,0,2,5,0
November 1984,Laurens,0,0,4,4,18,45,0
November 1984,Lee,0,0,0,1,3,3,0
November 1984,Liberty,0,2,1,8,23,67,5
November 1984,Lincoln,1,0,0,1,3,2,0
November 1984,Long,0,0,0,0,3,0,0
November 1984,Lowndes,0,5,10,33,98,228,17
November 1984,Lumpkin,0,0,0,0,3,12,1
November 1984,Macon,0,0,1,0,8,11,1
November 1984,Madison,0,0,0,1,2,1,0
November 1984,Marion,0,0,0,0,0,0,0
November 1984,McDuffie,0,0,0,3,0,12,1
November 1984,McIntosh,0,0,0,1,8,11,0
November 1984,Meriwether,0,0,0,1,15,10,0
November 1984,Miller,0,0,0,1,2,7,1
November 1984,Mitchell,0,0,0,4,2,15,3
November 1984,Monroe,0,1,0,6,18,17,3
November 1984,Montgomery,0,0,0,0,1,0,0
November 1984,Morgan,0,0,2,0,13,6,0
November 1984,Murray,0,0,0,1,8,12,2
November 1984,Muscogee,2,6,34,15,177,479,52
November 1984,Newton,0,2,2,5,39,60,8
November 1984,Oconee,0,0,0,0,4,2,1
November 1984,Oglethorpe,0,0,0,1,4,0,0
November 1984,Paulding,0,0,0,6,30,21,9
November 1984,Peach,2,0,4,11,20,45,6
November 1984,Pickens,0,0,0,0,0,0,0
November 1984,Pierce,0,0,0,0,2,6,0
November 1984,Pike,0,0,0,0,0,1,0
November 1984,Polk,0,1,1,4,30,30,3
November 1984,Pulaski,0,0,0,4,4,7,1
November 1984,Putnam,0,0,1,1,7,5,0
November 1984,Quitman,0,0,0,0,0,0,0
November 1984,Rabun,0,0,0,2,10,9,0
November 1984,Randolph,0,0,0,0,3,6,0
November 1984,Richmond,3,5,28,24,318,463,50
November 1984,Rockdale,0,0,0,11,32,53,10
November 1984,Schley,0,0,0,0,0,3,0
November 1984,Screven,0,0,0,0,3,5,0
November 1984,Seminole,0,0,0,0,2,9,0
November 1984,Spalding,1,1,1,10,55,111,17
November 1984,Stephens,0,1,0,5,22,41,4
November 1984,Stewart,0,0,0,0,4,6,0
November 1984,Sumter,0,0,1,10,36,47,4
November 1984,Talbot,0,0,0,0,2,1,0
November 1984,Taliaferro,0,0,0,0,0,0,0
November 1984,Tattnall,0,0,0,0,2,2,0
November 1984,Taylor,0,0,0,1,3,1,1
November 1984,Telfair,0,0,0,0,2,1,0
November 1984,Terrell,0,0,0,2,3,9,0
November 1984,Thomas,0,0,2,10,32,85,4
November 1984,Tift,0,2,3,9,23,42,2
November 1984,Toombs,0,1,0,1,2,16,2
November 1984,Towns,0,0,0,0,0,0,0
November 1984,Treutlen,0,0,0,0,0,0,0
November 1984,Troup,0,0,3,16,51,132,7
November 1984,Turner,0,0,0,2,4,2,0
November 1984,Twiggs,0,0,0,0,0,0,0
November 1984,Union,0,0,0,0,0,0,0
November 1984,Upson,1,1,1,4,13,13,0
November 1984,Walker,1,1,0,2,45,45,2
November 1984,Walton,1,0,1,6,21,31,1
November 1984,Ware,1,1,7,11,42,54,4
November 1984,Warren,0,0,0,0,0,0,0
November 1984,Washington,2,0,1,8,9,12,1
November 1984,Wayne,0,0,3,4,19,33,3
November 1984,Webster,0,0,0,0,0,0,0
November 1984,Wheeler,0,0,0,0,0,0,0
November 1984,White,0,0,0,0,7,6,0
November 1984,Whitfield,2,0,2,5,49,128,21
November 1984,Wilcox,0,0,0,0,1,1,0
November 1984,Wilkes,0,0,0,1,2,6,2
November 1984,Wilkinson,1,0,0,0,3,5,0
November 1984,Worth,0,1,2,1,10,12,1
December 1984,Appling,0,0,1,6,7,15,0
December 1984,Atkinson,0,0,0,0,0,1,1
December 1984,Bacon,0,0,1,1,4,7,0
December 1984,Baker,0,0,0,0,1,1,0
December 1984,Baldwin,1,0,2,8,49,75,10
December 1984,Banks,0,0,0,0,2,5,0
December 1984,Barrow,0,1,2,1,21,25,3
December 1984,Bartow,0,0,1,1,18,58,4
December 1984,Ben Hill,0,1,0,6,31,45,0
December 1984,Berrien,0,0,0,2,14,8,2
December 1984,Bibb,1,6,15,36,180,439,44
December 1984,Bleckley,0,0,0,0,7,6,0
December 1984,Brantley,0,0,0,0,3,4,0
December 1984,Brooks,0,0,0,4,3,11,0
December 1984,Bryan,0,0,1,2,14,20,1
December 1984,Bulloch,1,1,1,6,36,102,2
December 1984,Burke,0,0,1,4,16,10,2
December 1984,Butts,0,0,1,0,4,9,0
December 1984,Calhoun,0,0,0,2,2,1,0
December 1984,Camden,0,0,1,3,18,36,1
December 1984,Candler,0,0,0,0,0,0,0
December 1984,Carroll,0,1,2,7,75,108,13
December 1984,Catoosa,0,0,2,2,14,26,8
December 1984,Charlton,0,0,0,0,2,1,0
December 1984,Chatham,6,7,76,56,422,787,60
December 1984,Chattahoochee,0,0,0,0,4,2,0
December 1984,Chattooga,0,0,0,3,10,18,1
December 1984,Cherokee,0,0,2,7,67,81,24
December 1984,Clarke,0,1,8,36,115,231,23
December 1984,Clay,0,2,0,0,0,0,0
December 1984,Clayton,0,0,23,25,226,462,60
December 1984,Clinch,0,0,0,2,5,3,0
December 1984,Cobb,1,4,41,60,476,840,162
December 1984,Coffee,0,0,6,8,29,68,5
December 1984,Colquitt,0,0,5,4,38,42,3
December 1984,Columbia,0,0,2,5,55,51,6
December 1984,Cook,0,0,3,6,12,16,1
December 1984,Coweta,0,0,3,3,42,32,5
December 1984,Crawford,0,0,0,0,7,7,1
December 1984,Crisp,0,2,3,8,35,65,3
December 1984,Dade,0,0,0,0,4,2,1
December 1984,Dawson,0,0,0,0,8,3,2
December 1984,Decatur,0,0,1,8,22,31,1
December 1984,Dekalb,0,13,108,59,676,1311,241
December 1984,Dodge,0,0,1,3,1,10,0
December 1984,Dooly,0,0,0,0,0,0,0
December 1984,Dougherty,2,5,10,53,161,269,20
December 1984,Douglas,0,4,4,10,52,92,17
December 1984,Early,0,1,0,2,16,12,0
December 1984,Echols,0,0,0,0,0,0,0
December 1984,Effingham,0,0,0,1,11,7,2
December 1984,Elbert,0,0,0,4,3,15,0
December 1984,Emanuel,0,0,2,4,11,29,6
December 1984,Evans,0,0,0,0,0,0,0
December 1984,Fannin,0,0,0,0,5,9,0
December 1984,Fayette,0,0,1,2,29,34,0
December 1984,Floyd,1,0,4,12,81,135,12
December 1984,Forsyth,0,0,3,3,16,34,6
December 1984,Franklin,0,0,0,3,7,10,1
December 1984,Fulton,11,64,513,558,1407,2927,387
December 1984,Gilmer,0,0,0,1,8,13,2
December 1984,Glascock,0,0,0,0,0,0,0
December 1984,Glynn,0,3,7,49,125,227,14
December 1984,Gordon,1,0,5,5,30,74,5
December 1984,Grady,1,0,0,3,8,7,0
December 1984,Greene,0,0,0,0,1,4,1
December 1984,Gwinnett,0,4,15,48,269,457,81
December 1984,Habersham,0,0,0,0,0,0,0
December 1984,Hall,1,2,9,24,77,134,7
December 1984,Hancock,0,0,0,0,1,0,0
December 1984,Haralson,0,0,1,7,10,23,7
December 1984,Harris,0,0,0,0,0,0,0
December 1984,Hart,0,0,0,1,2,5,0
December 1984,Heard,0,0,0,0,5,3,1
December 1984,Henry,0,1,0,3,28,55,7
December 1984,Houston,1,1,7,17,99,187,11
December 1984,Irwin,0,0,3,0,13,14,1
December 1984,Jackson,0,0,0,4,26,19,5
December 1984,Jasper,0,0,0,3,6,1,0
December 1984,Jeff Davis,0,0,1,0,5,15,2
December 1984,Jefferson,0,0,0,5,21,10,1
December 1984,Jenkins,0,0,0,0,8,3,1
December 1984,Johnson,0,0,0,0,0,0,0
December 1984,Jones,0,0,0,0,1,4,0
December 1984,Lamar,0,3,0,3,9,13,6
December 1984,Lanier,0,0,1,1,4,4,0
December 1984,Laurens,0,0,3,9,30,40,9
December 1984,Lee,0,1,0,0,10,6,0
December 1984,Liberty,0,4,2,14,40,66,7
December 1984,Lincoln,0,0,0,0,3,3,0
December 1984,Long,0,0,0,0,0,0,0
December 1984,Lowndes,0,6,7,26,92,248,12
December 1984,Lumpkin,0,0,0,0,2,10,3
December 1984,Macon,0,0,1,1,5,7,0
December 1984,Madison,0,0,0,1,5,6,1
December 1984,Marion,0,0,0,0,0,0,0
December 1984,McDuffie,0,0,1,3,3,11,1
December 1984,McIntosh,0,2,0,2,7,15,1
December 1984,Meriwether,0,0,1,1,13,13,2
December 1984,Miller,0,0,0,0,2,2,0
December 1984,Mitchell,0,0,1,6,7,21,6
December 1984,Monroe,0,2,0,15,15,28,0
December 1984,Montgomery,0,1,0,0,2,1,0
December 1984,Morgan,0,0,1,0,9,1,0
December 1984,Murray,1,0,0,1,18,9,2
December 1984,Muscogee,3,9,33,24,212,500,61
December 1984,Newton,0,1,1,9,36,67,7
December 1984,Oconee,0,0,0,0,4,0,0
December 1984,Oglethorpe,0,0,0,0,2,1,0
December 1984,Paulding,0,2,1,1,17,13,8
December 1984,Peach,0,1,0,0,11,15,0
December 1984,Pickens,0,0,0,0,0,0,0
December 1984,Pierce,0,0,0,0,3,6,1
December 1984,Pike,0,0,0,0,1,0,0
December 1984,Polk,0,0,1,7,36,26,10
December 1984,Pulaski,0,0,0,3,1,8,1
December 1984,Putnam,0,0,0,2,8,6,0
December 1984,Quitman,0,0,0,0,0,0,0
December 1984,Rabun,0,0,0,2,8,5,3
December 1984,Randolph,0,0,0,0,9,4,0
December 1984,Richmond,3,7,20,36,245,465,53
December 1984,Rockdale,0,0,2,10,32,61,4
December 1984,Schley,0,0,0,1,1,0,0
December 1984,Screven,0,0,0,0,7,4,0
December 1984,Seminole,0,1,1,3,9,7,3
December 1984,Spalding,0,6,8,20,75,144,9
December 1984,Stephens,0,0,0,6,18,44,7
December 1984,Stewart,0,0,0,2,3,2,1
December 1984,Sumter,0,1,2,8,31,68,6
December 1984,Talbot,0,0,0,0,2,0,0
December 1984,Taliaferro,0,0,0,0,0,0,0
December 1984,Tattnall,0,0,0,0,1,1,0
December 1984,Taylor,0,1,0,0,2,3,0
December 1984,Telfair,0,0,1,1,2,5,1
December 1984,Terrell,0,0,0,2,11,18,1
December 1984,Thomas,1,1,2,5,28,74,5
December 1984,Tift,0,0,8,22,42,58,8
December 1984,Toombs,0,0,1,3,6,23,2
December 1984,Towns,0,0,0,0,0,1,0
December 1984,Treutlen,0,0,0,0,0,0,0
December 1984,Troup,0,0,2,21,56,115,4
December 1984,Turner,0,0,2,3,5,7,0
December 1984,Twiggs,0,0,0,0,0,0,0
December 1984,Union,0,0,0,0,0,0,0
December 1984,Upson,0,0,0,6,6,19,10
December 1984,Walker,0,0,2,2,39,54,2
December 1984,Walton,0,0,0,2,24,43,4
December 1984,Ware,0,2,5,8,54,92,3
December 1984,Warren,0,0,0,0,0,0,0
December 1984,Washington,1,1,1,5,10,23,1
December 1984,Wayne,0,0,1,4,13,24,4
December 1984,Webster,0,0,0,0,3,0,0
December 1984,Wheeler,0,0,0,0,0,1,0
December 1984,White,0,0,0,0,4,8,0
December 1984,Whitfield,2,0,9,21,79,148,21
December 1984,Wilcox,0,0,0,1,2,2,0
December 1984,Wilkes,1,0,0,3,5,8,2
December 1984,Wilkinson,0,0,0,1,0,6,0
December 1984,Worth,0,1,0,0,12,16,3
